<rdf:RDF xmlns="http://knowledgeweb.semanticweb.org/heterogeneity/alignment#" xmlns:rdf="http://www.w3.org/1999/02/22-rdf-syntax-ns#" xmlns:xsd="http://www.w3.org/2001/XMLSchema#" xmlns:align="http://knowledgeweb.semanticweb.org/heterogeneity/alignment#">
  <Alignment>
    <map>
      <Cell>
        <entity1 rdf:resource="http://dbpedia.org/resource/The_Phantom_of_the_Opera_%281925_film%29"/>
        <entity2 rdf:resource="http://data.linkedmdb.org/resource/film/732"/>
        <relation>=</relation>
        <measure rdf:datatype="http://www.w3.org/2001/XMLSchema#float">0.605</measure>
      </Cell>
    </map>
    <map>
      <Cell>
        <entity1 rdf:resource="http://dbpedia.org/resource/Taxi_%281998_film%29"/>
        <entity2 rdf:resource="http://data.linkedmdb.org/resource/film/863"/>
        <relation>=</relation>
        <measure rdf:datatype="http://www.w3.org/2001/XMLSchema#float">1.0</measure>
      </Cell>
    </map>
    <map>
      <Cell>
        <entity1 rdf:resource="http://dbpedia.org/resource/Cape_Fear_%281991_film%29"/>
        <entity2 rdf:resource="http://data.linkedmdb.org/resource/film/442"/>
        <relation>=</relation>
        <measure rdf:datatype="http://www.w3.org/2001/XMLSchema#float">1.0</measure>
      </Cell>
    </map>
    <map>
      <Cell>
        <entity1 rdf:resource="http://dbpedia.org/resource/The_Mummy_%281932_film%29"/>
        <entity2 rdf:resource="http://data.linkedmdb.org/resource/film/646"/>
        <relation>=</relation>
        <measure rdf:datatype="http://www.w3.org/2001/XMLSchema#float">1.0</measure>
      </Cell>
    </map>
    <map>
      <Cell>
        <entity1 rdf:resource="http://dbpedia.org/resource/Thunderbolt_%281910_film%29"/>
        <entity2 rdf:resource="http://data.linkedmdb.org/resource/film/350"/>
        <relation>=</relation>
        <measure rdf:datatype="http://www.w3.org/2001/XMLSchema#float">1.0</measure>
      </Cell>
    </map>
    <map>
      <Cell>
        <entity1 rdf:resource="http://dbpedia.org/resource/What%27s_Up,_Doc%3F_%281972_film%29"/>
        <entity2 rdf:resource="http://data.linkedmdb.org/resource/film/1982"/>
        <relation>=</relation>
        <measure rdf:datatype="http://www.w3.org/2001/XMLSchema#float">0.99</measure>
      </Cell>
    </map>
    <map>
      <Cell>
        <entity1 rdf:resource="http://dbpedia.org/resource/The_Diary_of_Anne_Frank_%281959_film%29"/>
        <entity2 rdf:resource="http://data.linkedmdb.org/resource/film/621"/>
        <relation>=</relation>
        <measure rdf:datatype="http://www.w3.org/2001/XMLSchema#float">1.0</measure>
      </Cell>
    </map>
    <map>
      <Cell>
        <entity1 rdf:resource="http://dbpedia.org/resource/Pay_It_Forward"/>
        <entity2 rdf:resource="http://data.linkedmdb.org/resource/film/1112"/>
        <relation>=</relation>
        <measure rdf:datatype="http://www.w3.org/2001/XMLSchema#float">1.0</measure>
      </Cell>
    </map>
    <map>
      <Cell>
        <entity1 rdf:resource="http://dbpedia.org/resource/The_Mother_%28film%29"/>
        <entity2 rdf:resource="http://data.linkedmdb.org/resource/film/1932"/>
        <relation>=</relation>
        <measure rdf:datatype="http://www.w3.org/2001/XMLSchema#float">1.0</measure>
      </Cell>
    </map>
    <map>
      <Cell>
        <entity1 rdf:resource="http://dbpedia.org/resource/Jagged_Edge_%28film%29"/>
        <entity2 rdf:resource="http://data.linkedmdb.org/resource/film/2304"/>
        <relation>=</relation>
        <measure rdf:datatype="http://www.w3.org/2001/XMLSchema#float">1.0</measure>
      </Cell>
    </map>
    <map>
      <Cell>
        <entity1 rdf:resource="http://dbpedia.org/resource/Where_Are_My_Children%3F"/>
        <entity2 rdf:resource="http://data.linkedmdb.org/resource/film/236"/>
        <relation>=</relation>
        <measure rdf:datatype="http://www.w3.org/2001/XMLSchema#float">1.0</measure>
      </Cell>
    </map>
    <map>
      <Cell>
        <entity1 rdf:resource="http://dbpedia.org/resource/Shaft_%282000_film%29"/>
        <entity2 rdf:resource="http://data.linkedmdb.org/resource/film/1687"/>
        <relation>=</relation>
        <measure rdf:datatype="http://www.w3.org/2001/XMLSchema#float">1.0</measure>
      </Cell>
    </map>
    <map>
      <Cell>
        <entity1 rdf:resource="http://dbpedia.org/resource/Teaching_Mrs._Tingle"/>
        <entity2 rdf:resource="http://data.linkedmdb.org/resource/film/1407"/>
        <relation>=</relation>
        <measure rdf:datatype="http://www.w3.org/2001/XMLSchema#float">1.0</measure>
      </Cell>
    </map>
    <map>
      <Cell>
        <entity1 rdf:resource="http://dbpedia.org/resource/The_Crow:_City_of_Angels"/>
        <entity2 rdf:resource="http://data.linkedmdb.org/resource/film/1528"/>
        <relation>=</relation>
        <measure rdf:datatype="http://www.w3.org/2001/XMLSchema#float">1.0</measure>
      </Cell>
    </map>
    <map>
      <Cell>
        <entity1 rdf:resource="http://dbpedia.org/resource/Topaz_%281969_film%29"/>
        <entity2 rdf:resource="http://data.linkedmdb.org/resource/film/605"/>
        <relation>=</relation>
        <measure rdf:datatype="http://www.w3.org/2001/XMLSchema#float">0.99</measure>
      </Cell>
    </map>
    <map>
      <Cell>
        <entity1 rdf:resource="http://dbpedia.org/resource/The_Mark_of_Zorro_%281920_film%29"/>
        <entity2 rdf:resource="http://data.linkedmdb.org/resource/film/1867"/>
        <relation>=</relation>
        <measure rdf:datatype="http://www.w3.org/2001/XMLSchema#float">1.0</measure>
      </Cell>
    </map>
    <map>
      <Cell>
        <entity1 rdf:resource="http://dbpedia.org/resource/The_Russians_Are_Coming,_the_Russians_Are_Coming"/>
        <entity2 rdf:resource="http://data.linkedmdb.org/resource/film/283"/>
        <relation>=</relation>
        <measure rdf:datatype="http://www.w3.org/2001/XMLSchema#float">1.0</measure>
      </Cell>
    </map>
    <map>
      <Cell>
        <entity1 rdf:resource="http://dbpedia.org/resource/The_Cotton_Club_%28film%29"/>
        <entity2 rdf:resource="http://data.linkedmdb.org/resource/film/713"/>
        <relation>=</relation>
        <measure rdf:datatype="http://www.w3.org/2001/XMLSchema#float">0.98</measure>
      </Cell>
    </map>
    <map>
      <Cell>
        <entity1 rdf:resource="http://dbpedia.org/resource/The_Lady_Vanishes_%281938_film%29"/>
        <entity2 rdf:resource="http://data.linkedmdb.org/resource/film/262"/>
        <relation>=</relation>
        <measure rdf:datatype="http://www.w3.org/2001/XMLSchema#float">1.0</measure>
      </Cell>
    </map>
    <map>
      <Cell>
        <entity1 rdf:resource="http://dbpedia.org/resource/Twisted_%282004_film%29"/>
        <entity2 rdf:resource="http://data.linkedmdb.org/resource/film/1684"/>
        <relation>=</relation>
        <measure rdf:datatype="http://www.w3.org/2001/XMLSchema#float">1.0</measure>
      </Cell>
    </map>
    <map>
      <Cell>
        <entity1 rdf:resource="http://dbpedia.org/resource/The_Craft_%28film%29"/>
        <entity2 rdf:resource="http://data.linkedmdb.org/resource/film/263"/>
        <relation>=</relation>
        <measure rdf:datatype="http://www.w3.org/2001/XMLSchema#float">1.0</measure>
      </Cell>
    </map>
    <map>
      <Cell>
        <entity1 rdf:resource="http://dbpedia.org/resource/The_Red_Shoes_%281948_film%29"/>
        <entity2 rdf:resource="http://data.linkedmdb.org/resource/film/87"/>
        <relation>=</relation>
        <measure rdf:datatype="http://www.w3.org/2001/XMLSchema#float">1.0</measure>
      </Cell>
    </map>
    <map>
      <Cell>
        <entity1 rdf:resource="http://dbpedia.org/resource/The_Song_Remains_the_Same_%28film%29"/>
        <entity2 rdf:resource="http://data.linkedmdb.org/resource/film/66"/>
        <relation>=</relation>
        <measure rdf:datatype="http://www.w3.org/2001/XMLSchema#float">1.0</measure>
      </Cell>
    </map>
    <map>
      <Cell>
        <entity1 rdf:resource="http://dbpedia.org/resource/Where_the_Heart_Is_%282000_film%29"/>
        <entity2 rdf:resource="http://data.linkedmdb.org/resource/film/56"/>
        <relation>=</relation>
        <measure rdf:datatype="http://www.w3.org/2001/XMLSchema#float">1.0</measure>
      </Cell>
    </map>
    <map>
      <Cell>
        <entity1 rdf:resource="http://dbpedia.org/resource/The_Getaway_%281972_film%29"/>
        <entity2 rdf:resource="http://data.linkedmdb.org/resource/film/1120"/>
        <relation>=</relation>
        <measure rdf:datatype="http://www.w3.org/2001/XMLSchema#float">1.0</measure>
      </Cell>
    </map>
    <map>
      <Cell>
        <entity1 rdf:resource="http://dbpedia.org/resource/The_Big_Bounce_%282004_film%29"/>
        <entity2 rdf:resource="http://data.linkedmdb.org/resource/film/2017"/>
        <relation>=</relation>
        <measure rdf:datatype="http://www.w3.org/2001/XMLSchema#float">0.99</measure>
      </Cell>
    </map>
    <map>
      <Cell>
        <entity1 rdf:resource="http://dbpedia.org/resource/The_Haunted_Mansion_%28film%29"/>
        <entity2 rdf:resource="http://data.linkedmdb.org/resource/film/832"/>
        <relation>=</relation>
        <measure rdf:datatype="http://www.w3.org/2001/XMLSchema#float">1.0</measure>
      </Cell>
    </map>
    <map>
      <Cell>
        <entity1 rdf:resource="http://dbpedia.org/resource/The_Bourne_Identity_%282002_film%29"/>
        <entity2 rdf:resource="http://data.linkedmdb.org/resource/film/1675"/>
        <relation>=</relation>
        <measure rdf:datatype="http://www.w3.org/2001/XMLSchema#float">1.0</measure>
      </Cell>
    </map>
    <map>
      <Cell>
        <entity1 rdf:resource="http://dbpedia.org/resource/The_Baby-Sitters_Club_%28film%29"/>
        <entity2 rdf:resource="http://data.linkedmdb.org/resource/film/1387"/>
        <relation>=</relation>
        <measure rdf:datatype="http://www.w3.org/2001/XMLSchema#float">1.0</measure>
      </Cell>
    </map>
    <map>
      <Cell>
        <entity1 rdf:resource="http://dbpedia.org/resource/Sabretooth_%28film%29"/>
        <entity2 rdf:resource="http://data.linkedmdb.org/resource/film/2449"/>
        <relation>=</relation>
        <measure rdf:datatype="http://www.w3.org/2001/XMLSchema#float">1.0</measure>
      </Cell>
    </map>
    <map>
      <Cell>
        <entity1 rdf:resource="http://dbpedia.org/resource/The_American_President"/>
        <entity2 rdf:resource="http://data.linkedmdb.org/resource/film/651"/>
        <relation>=</relation>
        <measure rdf:datatype="http://www.w3.org/2001/XMLSchema#float">1.0</measure>
      </Cell>
    </map>
    <map>
      <Cell>
        <entity1 rdf:resource="http://dbpedia.org/resource/PT_109_%28film%29"/>
        <entity2 rdf:resource="http://data.linkedmdb.org/resource/film/1541"/>
        <relation>=</relation>
        <measure rdf:datatype="http://www.w3.org/2001/XMLSchema#float">1.0</measure>
      </Cell>
    </map>
    <map>
      <Cell>
        <entity1 rdf:resource="http://dbpedia.org/resource/Vanishing_Point_%281971_film%29"/>
        <entity2 rdf:resource="http://data.linkedmdb.org/resource/film/2282"/>
        <relation>=</relation>
        <measure rdf:datatype="http://www.w3.org/2001/XMLSchema#float">0.7100000000000001</measure>
      </Cell>
    </map>
    <map>
      <Cell>
        <entity1 rdf:resource="http://dbpedia.org/resource/Trainspotting_%28film%29"/>
        <entity2 rdf:resource="http://data.linkedmdb.org/resource/film/309"/>
        <relation>=</relation>
        <measure rdf:datatype="http://www.w3.org/2001/XMLSchema#float">1.0</measure>
      </Cell>
    </map>
    <map>
      <Cell>
        <entity1 rdf:resource="http://dbpedia.org/resource/The_King_of_Comedy_%281983_film%29"/>
        <entity2 rdf:resource="http://data.linkedmdb.org/resource/film/982"/>
        <relation>=</relation>
        <measure rdf:datatype="http://www.w3.org/2001/XMLSchema#float">1.0</measure>
      </Cell>
    </map>
    <map>
      <Cell>
        <entity1 rdf:resource="http://dbpedia.org/resource/Ship_of_Fools_%28film%29"/>
        <entity2 rdf:resource="http://data.linkedmdb.org/resource/film/1242"/>
        <relation>=</relation>
        <measure rdf:datatype="http://www.w3.org/2001/XMLSchema#float">1.0</measure>
      </Cell>
    </map>
    <map>
      <Cell>
        <entity1 rdf:resource="http://dbpedia.org/resource/The_Party_%28film%29"/>
        <entity2 rdf:resource="http://data.linkedmdb.org/resource/film/816"/>
        <relation>=</relation>
        <measure rdf:datatype="http://www.w3.org/2001/XMLSchema#float">1.0</measure>
      </Cell>
    </map>
    <map>
      <Cell>
        <entity1 rdf:resource="http://dbpedia.org/resource/Chopper_%28film%29"/>
        <entity2 rdf:resource="http://data.linkedmdb.org/resource/film/1570"/>
        <relation>=</relation>
        <measure rdf:datatype="http://www.w3.org/2001/XMLSchema#float">1.0</measure>
      </Cell>
    </map>
    <map>
      <Cell>
        <entity1 rdf:resource="http://dbpedia.org/resource/The_Libertine_%281969_film%29"/>
        <entity2 rdf:resource="http://data.linkedmdb.org/resource/film/1474"/>
        <relation>=</relation>
        <measure rdf:datatype="http://www.w3.org/2001/XMLSchema#float">1.0</measure>
      </Cell>
    </map>
    <map>
      <Cell>
        <entity1 rdf:resource="http://dbpedia.org/resource/To_Be_or_Not_to_Be_%281942_film%29"/>
        <entity2 rdf:resource="http://data.linkedmdb.org/resource/film/228"/>
        <relation>=</relation>
        <measure rdf:datatype="http://www.w3.org/2001/XMLSchema#float">1.0</measure>
      </Cell>
    </map>
    <map>
      <Cell>
        <entity1 rdf:resource="http://dbpedia.org/resource/Three_Comrades_%28film%29"/>
        <entity2 rdf:resource="http://data.linkedmdb.org/resource/film/481"/>
        <relation>=</relation>
        <measure rdf:datatype="http://www.w3.org/2001/XMLSchema#float">1.0</measure>
      </Cell>
    </map>
    <map>
      <Cell>
        <entity1 rdf:resource="http://dbpedia.org/resource/Shaft_%281971_film%29"/>
        <entity2 rdf:resource="http://data.linkedmdb.org/resource/film/215"/>
        <relation>=</relation>
        <measure rdf:datatype="http://www.w3.org/2001/XMLSchema#float">1.0</measure>
      </Cell>
    </map>
    <map>
      <Cell>
        <entity1 rdf:resource="http://dbpedia.org/resource/The_Face_Behind_the_Mask_%281941_film%29"/>
        <entity2 rdf:resource="http://data.linkedmdb.org/resource/film/358"/>
        <relation>=</relation>
        <measure rdf:datatype="http://www.w3.org/2001/XMLSchema#float">0.77</measure>
      </Cell>
    </map>
    <map>
      <Cell>
        <entity1 rdf:resource="http://dbpedia.org/resource/The_Raven_%281963_film%29"/>
        <entity2 rdf:resource="http://data.linkedmdb.org/resource/film/1028"/>
        <relation>=</relation>
        <measure rdf:datatype="http://www.w3.org/2001/XMLSchema#float">0.7250000000000001</measure>
      </Cell>
    </map>
    <map>
      <Cell>
        <entity1 rdf:resource="http://dbpedia.org/resource/Churchill:_The_Hollywood_Years"/>
        <entity2 rdf:resource="http://data.linkedmdb.org/resource/film/1688"/>
        <relation>=</relation>
        <measure rdf:datatype="http://www.w3.org/2001/XMLSchema#float">1.0</measure>
      </Cell>
    </map>
    <map>
      <Cell>
        <entity1 rdf:resource="http://dbpedia.org/resource/Toys_%28film%29"/>
        <entity2 rdf:resource="http://data.linkedmdb.org/resource/film/999"/>
        <relation>=</relation>
        <measure rdf:datatype="http://www.w3.org/2001/XMLSchema#float">1.0</measure>
      </Cell>
    </map>
    <map>
      <Cell>
        <entity1 rdf:resource="http://dbpedia.org/resource/Truly,_Madly,_Deeply"/>
        <entity2 rdf:resource="http://data.linkedmdb.org/resource/film/436"/>
        <relation>=</relation>
        <measure rdf:datatype="http://www.w3.org/2001/XMLSchema#float">1.0</measure>
      </Cell>
    </map>
    <map>
      <Cell>
        <entity1 rdf:resource="http://dbpedia.org/resource/Shoah_%28film%29"/>
        <entity2 rdf:resource="http://data.linkedmdb.org/resource/film/363"/>
        <relation>=</relation>
        <measure rdf:datatype="http://www.w3.org/2001/XMLSchema#float">1.0</measure>
      </Cell>
    </map>
    <map>
      <Cell>
        <entity1 rdf:resource="http://dbpedia.org/resource/Tremors_%28film%29"/>
        <entity2 rdf:resource="http://data.linkedmdb.org/resource/film/890"/>
        <relation>=</relation>
        <measure rdf:datatype="http://www.w3.org/2001/XMLSchema#float">1.0</measure>
      </Cell>
    </map>
    <map>
      <Cell>
        <entity1 rdf:resource="http://dbpedia.org/resource/The_Taking_of_Pelham_One_Two_Three_%281974_film%29"/>
        <entity2 rdf:resource="http://data.linkedmdb.org/resource/film/1658"/>
        <relation>=</relation>
        <measure rdf:datatype="http://www.w3.org/2001/XMLSchema#float">1.0</measure>
      </Cell>
    </map>
    <map>
      <Cell>
        <entity1 rdf:resource="http://dbpedia.org/resource/The_Life_and_Times_of_Rosie_the_Riveter"/>
        <entity2 rdf:resource="http://data.linkedmdb.org/resource/film/186"/>
        <relation>=</relation>
        <measure rdf:datatype="http://www.w3.org/2001/XMLSchema#float">1.0</measure>
      </Cell>
    </map>
    <map>
      <Cell>
        <entity1 rdf:resource="http://dbpedia.org/resource/Cape_Fear_%281962_film%29"/>
        <entity2 rdf:resource="http://data.linkedmdb.org/resource/film/443"/>
        <relation>=</relation>
        <measure rdf:datatype="http://www.w3.org/2001/XMLSchema#float">1.0</measure>
      </Cell>
    </map>
    <map>
      <Cell>
        <entity1 rdf:resource="http://dbpedia.org/resource/The_Rose_%28film%29"/>
        <entity2 rdf:resource="http://data.linkedmdb.org/resource/film/607"/>
        <relation>=</relation>
        <measure rdf:datatype="http://www.w3.org/2001/XMLSchema#float">0.84</measure>
      </Cell>
    </map>
    <map>
      <Cell>
        <entity1 rdf:resource="http://dbpedia.org/resource/The_Boys_from_Brazil_%28film%29"/>
        <entity2 rdf:resource="http://data.linkedmdb.org/resource/film/353"/>
        <relation>=</relation>
        <measure rdf:datatype="http://www.w3.org/2001/XMLSchema#float">1.0</measure>
      </Cell>
    </map>
    <map>
      <Cell>
        <entity1 rdf:resource="http://dbpedia.org/resource/The_Damned_%281969_film%29"/>
        <entity2 rdf:resource="http://data.linkedmdb.org/resource/film/1263"/>
        <relation>=</relation>
        <measure rdf:datatype="http://www.w3.org/2001/XMLSchema#float">1.0</measure>
      </Cell>
    </map>
    <map>
      <Cell>
        <entity1 rdf:resource="http://dbpedia.org/resource/Three_Kings_%281999_film%29"/>
        <entity2 rdf:resource="http://data.linkedmdb.org/resource/film/518"/>
        <relation>=</relation>
        <measure rdf:datatype="http://www.w3.org/2001/XMLSchema#float">1.0</measure>
      </Cell>
    </map>
    <map>
      <Cell>
        <entity1 rdf:resource="http://dbpedia.org/resource/Paparazzi_%282004_film%29"/>
        <entity2 rdf:resource="http://data.linkedmdb.org/resource/film/1933"/>
        <relation>=</relation>
        <measure rdf:datatype="http://www.w3.org/2001/XMLSchema#float">1.0</measure>
      </Cell>
    </map>
    <map>
      <Cell>
        <entity1 rdf:resource="http://dbpedia.org/resource/To_Each_His_Own_%28film%29"/>
        <entity2 rdf:resource="http://data.linkedmdb.org/resource/film/493"/>
        <relation>=</relation>
        <measure rdf:datatype="http://www.w3.org/2001/XMLSchema#float">1.0</measure>
      </Cell>
    </map>
    <map>
      <Cell>
        <entity1 rdf:resource="http://dbpedia.org/resource/The_Letter_%281940_film%29"/>
        <entity2 rdf:resource="http://data.linkedmdb.org/resource/film/459"/>
        <relation>=</relation>
        <measure rdf:datatype="http://www.w3.org/2001/XMLSchema#float">1.0</measure>
      </Cell>
    </map>
    <map>
      <Cell>
        <entity1 rdf:resource="http://dbpedia.org/resource/Little_Nicky"/>
        <entity2 rdf:resource="http://data.linkedmdb.org/resource/film/1749"/>
        <relation>=</relation>
        <measure rdf:datatype="http://www.w3.org/2001/XMLSchema#float">0.9</measure>
      </Cell>
    </map>
    <map>
      <Cell>
        <entity1 rdf:resource="http://dbpedia.org/resource/Hard_Eight_%28film%29"/>
        <entity2 rdf:resource="http://data.linkedmdb.org/resource/film/1184"/>
        <relation>=</relation>
        <measure rdf:datatype="http://www.w3.org/2001/XMLSchema#float">1.0</measure>
      </Cell>
    </map>
    <map>
      <Cell>
        <entity1 rdf:resource="http://dbpedia.org/resource/The_Miracle_of_Morgan%27s_Creek"/>
        <entity2 rdf:resource="http://data.linkedmdb.org/resource/film/190"/>
        <relation>=</relation>
        <measure rdf:datatype="http://www.w3.org/2001/XMLSchema#float">1.0</measure>
      </Cell>
    </map>
    <map>
      <Cell>
        <entity1 rdf:resource="http://dbpedia.org/resource/Tales_from_the_Crypt_%28film%29"/>
        <entity2 rdf:resource="http://data.linkedmdb.org/resource/film/1845"/>
        <relation>=</relation>
        <measure rdf:datatype="http://www.w3.org/2001/XMLSchema#float">1.0</measure>
      </Cell>
    </map>
    <map>
      <Cell>
        <entity1 rdf:resource="http://dbpedia.org/resource/The_Island_%282005_film%29"/>
        <entity2 rdf:resource="http://data.linkedmdb.org/resource/film/1842"/>
        <relation>=</relation>
        <measure rdf:datatype="http://www.w3.org/2001/XMLSchema#float">1.0</measure>
      </Cell>
    </map>
    <map>
      <Cell>
        <entity1 rdf:resource="http://dbpedia.org/resource/Castaway_%28film%29"/>
        <entity2 rdf:resource="http://data.linkedmdb.org/resource/film/2051"/>
        <relation>=</relation>
        <measure rdf:datatype="http://www.w3.org/2001/XMLSchema#float">1.0</measure>
      </Cell>
    </map>
    <map>
      <Cell>
        <entity1 rdf:resource="http://dbpedia.org/resource/The_Adventures_of_Robin_Hood_%28film%29"/>
        <entity2 rdf:resource="http://data.linkedmdb.org/resource/film/109"/>
        <relation>=</relation>
        <measure rdf:datatype="http://www.w3.org/2001/XMLSchema#float">0.9049999999999999</measure>
      </Cell>
    </map>
    <map>
      <Cell>
        <entity1 rdf:resource="http://dbpedia.org/resource/The_Mummy_%281959_film%29"/>
        <entity2 rdf:resource="http://data.linkedmdb.org/resource/film/647"/>
        <relation>=</relation>
        <measure rdf:datatype="http://www.w3.org/2001/XMLSchema#float">1.0</measure>
      </Cell>
    </map>
    <map>
      <Cell>
        <entity1 rdf:resource="http://dbpedia.org/resource/Child%27s_Play_2"/>
        <entity2 rdf:resource="http://data.linkedmdb.org/resource/film/1048"/>
        <relation>=</relation>
        <measure rdf:datatype="http://www.w3.org/2001/XMLSchema#float">1.0</measure>
      </Cell>
    </map>
    <map>
      <Cell>
        <entity1 rdf:resource="http://dbpedia.org/resource/Tora%21_Tora%21_Tora%21"/>
        <entity2 rdf:resource="http://data.linkedmdb.org/resource/film/82"/>
        <relation>=</relation>
        <measure rdf:datatype="http://www.w3.org/2001/XMLSchema#float">1.0</measure>
      </Cell>
    </map>
    <map>
      <Cell>
        <entity1 rdf:resource="http://dbpedia.org/resource/Demon_Knight"/>
        <entity2 rdf:resource="http://data.linkedmdb.org/resource/film/1310"/>
        <relation>=</relation>
        <measure rdf:datatype="http://www.w3.org/2001/XMLSchema#float">0.5</measure>
      </Cell>
    </map>
    <map>
      <Cell>
        <entity1 rdf:resource="http://dbpedia.org/resource/Sherman%27s_March_%281986_film%29"/>
        <entity2 rdf:resource="http://data.linkedmdb.org/resource/film/217"/>
        <relation>=</relation>
        <measure rdf:datatype="http://www.w3.org/2001/XMLSchema#float">1.0</measure>
      </Cell>
    </map>
    <map>
      <Cell>
        <entity1 rdf:resource="http://dbpedia.org/resource/The_Thief_of_Bagdad_%281924_film%29"/>
        <entity2 rdf:resource="http://data.linkedmdb.org/resource/film/226"/>
        <relation>=</relation>
        <measure rdf:datatype="http://www.w3.org/2001/XMLSchema#float">1.0</measure>
      </Cell>
    </map>
    <map>
      <Cell>
        <entity1 rdf:resource="http://dbpedia.org/resource/National_Lampoon%27s_Last_Resort"/>
        <entity2 rdf:resource="http://data.linkedmdb.org/resource/film/1339"/>
        <relation>=</relation>
        <measure rdf:datatype="http://www.w3.org/2001/XMLSchema#float">1.0</measure>
      </Cell>
    </map>
    <map>
      <Cell>
        <entity1 rdf:resource="http://dbpedia.org/resource/The_River_%281938_film%29"/>
        <entity2 rdf:resource="http://data.linkedmdb.org/resource/film/208"/>
        <relation>=</relation>
        <measure rdf:datatype="http://www.w3.org/2001/XMLSchema#float">1.0</measure>
      </Cell>
    </map>
    <map>
      <Cell>
        <entity1 rdf:resource="http://dbpedia.org/resource/Braindead_%28film%29"/>
        <entity2 rdf:resource="http://data.linkedmdb.org/resource/film/345"/>
        <relation>=</relation>
        <measure rdf:datatype="http://www.w3.org/2001/XMLSchema#float">1.0</measure>
      </Cell>
    </map>
    <map>
      <Cell>
        <entity1 rdf:resource="http://dbpedia.org/resource/Phenomenon_%28film%29"/>
        <entity2 rdf:resource="http://data.linkedmdb.org/resource/film/1376"/>
        <relation>=</relation>
        <measure rdf:datatype="http://www.w3.org/2001/XMLSchema#float">1.0</measure>
      </Cell>
    </map>
    <map>
      <Cell>
        <entity1 rdf:resource="http://dbpedia.org/resource/The_Battle_of_the_River_Plate_%28film%29"/>
        <entity2 rdf:resource="http://data.linkedmdb.org/resource/film/510"/>
        <relation>=</relation>
        <measure rdf:datatype="http://www.w3.org/2001/XMLSchema#float">1.0</measure>
      </Cell>
    </map>
    <map>
      <Cell>
        <entity1 rdf:resource="http://dbpedia.org/resource/The_Circus_%28film%29"/>
        <entity2 rdf:resource="http://data.linkedmdb.org/resource/film/346"/>
        <relation>=</relation>
        <measure rdf:datatype="http://www.w3.org/2001/XMLSchema#float">1.0</measure>
      </Cell>
    </map>
    <map>
      <Cell>
        <entity1 rdf:resource="http://dbpedia.org/resource/Foxy_Brown_%28film%29"/>
        <entity2 rdf:resource="http://data.linkedmdb.org/resource/film/2519"/>
        <relation>=</relation>
        <measure rdf:datatype="http://www.w3.org/2001/XMLSchema#float">0.95</measure>
      </Cell>
    </map>
    <map>
      <Cell>
        <entity1 rdf:resource="http://dbpedia.org/resource/Sherlock,_Jr."/>
        <entity2 rdf:resource="http://data.linkedmdb.org/resource/film/216"/>
        <relation>=</relation>
        <measure rdf:datatype="http://www.w3.org/2001/XMLSchema#float">1.0</measure>
      </Cell>
    </map>
    <map>
      <Cell>
        <entity1 rdf:resource="http://dbpedia.org/resource/National_Treasure_%28film%29"/>
        <entity2 rdf:resource="http://data.linkedmdb.org/resource/film/1298"/>
        <relation>=</relation>
        <measure rdf:datatype="http://www.w3.org/2001/XMLSchema#float">1.0</measure>
      </Cell>
    </map>
    <map>
      <Cell>
        <entity1 rdf:resource="http://dbpedia.org/resource/Dogma_%28film%29"/>
        <entity2 rdf:resource="http://data.linkedmdb.org/resource/film/285"/>
        <relation>=</relation>
        <measure rdf:datatype="http://www.w3.org/2001/XMLSchema#float">1.0</measure>
      </Cell>
    </map>
    <map>
      <Cell>
        <entity1 rdf:resource="http://dbpedia.org/resource/Ballistic:_Ecks_vs._Sever"/>
        <entity2 rdf:resource="http://data.linkedmdb.org/resource/film/2178"/>
        <relation>=</relation>
        <measure rdf:datatype="http://www.w3.org/2001/XMLSchema#float">1.0</measure>
      </Cell>
    </map>
    <map>
      <Cell>
        <entity1 rdf:resource="http://dbpedia.org/resource/Shock_%281946_film%29"/>
        <entity2 rdf:resource="http://data.linkedmdb.org/resource/film/1921"/>
        <relation>=</relation>
        <measure rdf:datatype="http://www.w3.org/2001/XMLSchema#float">1.0</measure>
      </Cell>
    </map>
    <map>
      <Cell>
        <entity1 rdf:resource="http://dbpedia.org/resource/The_Count_of_Monte_Cristo_%282002_film%29"/>
        <entity2 rdf:resource="http://data.linkedmdb.org/resource/film/1519"/>
        <relation>=</relation>
        <measure rdf:datatype="http://www.w3.org/2001/XMLSchema#float">1.0</measure>
      </Cell>
    </map>
    <map>
      <Cell>
        <entity1 rdf:resource="http://dbpedia.org/resource/The_Score_%28film%29"/>
        <entity2 rdf:resource="http://data.linkedmdb.org/resource/film/746"/>
        <relation>=</relation>
        <measure rdf:datatype="http://www.w3.org/2001/XMLSchema#float">1.0</measure>
      </Cell>
    </map>
    <map>
      <Cell>
        <entity1 rdf:resource="http://dbpedia.org/resource/Short_Circuit"/>
        <entity2 rdf:resource="http://data.linkedmdb.org/resource/film/1348"/>
        <relation>=</relation>
        <measure rdf:datatype="http://www.w3.org/2001/XMLSchema#float">1.0</measure>
      </Cell>
    </map>
    <map>
      <Cell>
        <entity1 rdf:resource="http://dbpedia.org/resource/Minority_Report_%28film%29"/>
        <entity2 rdf:resource="http://data.linkedmdb.org/resource/film/333"/>
        <relation>=</relation>
        <measure rdf:datatype="http://www.w3.org/2001/XMLSchema#float">1.0</measure>
      </Cell>
    </map>
    <map>
      <Cell>
        <entity1 rdf:resource="http://dbpedia.org/resource/The_Edge_%281997_film%29"/>
        <entity2 rdf:resource="http://data.linkedmdb.org/resource/film/485"/>
        <relation>=</relation>
        <measure rdf:datatype="http://www.w3.org/2001/XMLSchema#float">1.0</measure>
      </Cell>
    </map>
    <map>
      <Cell>
        <entity1 rdf:resource="http://dbpedia.org/resource/Taxi_%282004_film%29"/>
        <entity2 rdf:resource="http://data.linkedmdb.org/resource/film/925"/>
        <relation>=</relation>
        <measure rdf:datatype="http://www.w3.org/2001/XMLSchema#float">1.0</measure>
      </Cell>
    </map>
    <map>
      <Cell>
        <entity1 rdf:resource="http://dbpedia.org/resource/Who%27s_Harry_Crumb%3F"/>
        <entity2 rdf:resource="http://data.linkedmdb.org/resource/film/1143"/>
        <relation>=</relation>
        <measure rdf:datatype="http://www.w3.org/2001/XMLSchema#float">1.0</measure>
      </Cell>
    </map>
    <map>
      <Cell>
        <entity1 rdf:resource="http://dbpedia.org/resource/Tabu_%28film%29"/>
        <entity2 rdf:resource="http://data.linkedmdb.org/resource/film/223"/>
        <relation>=</relation>
        <measure rdf:datatype="http://www.w3.org/2001/XMLSchema#float">1.0</measure>
      </Cell>
    </map>
    <map>
      <Cell>
        <entity1 rdf:resource="http://dbpedia.org/resource/Man_of_the_House_%282005_film%29"/>
        <entity2 rdf:resource="http://data.linkedmdb.org/resource/film/2446"/>
        <relation>=</relation>
        <measure rdf:datatype="http://www.w3.org/2001/XMLSchema#float">1.0</measure>
      </Cell>
    </map>
    <map>
      <Cell>
        <entity1 rdf:resource="http://dbpedia.org/resource/The_Letter_%281929_film%29"/>
        <entity2 rdf:resource="http://data.linkedmdb.org/resource/film/460"/>
        <relation>=</relation>
        <measure rdf:datatype="http://www.w3.org/2001/XMLSchema#float">1.0</measure>
      </Cell>
    </map>
    <map>
      <Cell>
        <entity1 rdf:resource="http://dbpedia.org/resource/Jesus_%281979_film%29"/>
        <entity2 rdf:resource="http://data.linkedmdb.org/resource/film/682"/>
        <relation>=</relation>
        <measure rdf:datatype="http://www.w3.org/2001/XMLSchema#float">0.81</measure>
      </Cell>
    </map>
    <map>
      <Cell>
        <entity1 rdf:resource="http://dbpedia.org/resource/Underworld:_Evolution"/>
        <entity2 rdf:resource="http://data.linkedmdb.org/resource/film/2451"/>
        <relation>=</relation>
        <measure rdf:datatype="http://www.w3.org/2001/XMLSchema#float">0.99</measure>
      </Cell>
    </map>
    <map>
      <Cell>
        <entity1 rdf:resource="http://dbpedia.org/resource/Vanity_Fair_%282004_film%29"/>
        <entity2 rdf:resource="http://data.linkedmdb.org/resource/film/2181"/>
        <relation>=</relation>
        <measure rdf:datatype="http://www.w3.org/2001/XMLSchema#float">1.0</measure>
      </Cell>
    </map>
    <map>
      <Cell>
        <entity1 rdf:resource="http://dbpedia.org/resource/Tromeo_and_Juliet"/>
        <entity2 rdf:resource="http://data.linkedmdb.org/resource/film/308"/>
        <relation>=</relation>
        <measure rdf:datatype="http://www.w3.org/2001/XMLSchema#float">1.0</measure>
      </Cell>
    </map>
    <map>
      <Cell>
        <entity1 rdf:resource="http://dbpedia.org/resource/Garden_State_%28film%29"/>
        <entity2 rdf:resource="http://data.linkedmdb.org/resource/film/1082"/>
        <relation>=</relation>
        <measure rdf:datatype="http://www.w3.org/2001/XMLSchema#float">1.0</measure>
      </Cell>
    </map>
    <map>
      <Cell>
        <entity1 rdf:resource="http://dbpedia.org/resource/The_Lodger:_A_Story_of_the_London_Fog"/>
        <entity2 rdf:resource="http://data.linkedmdb.org/resource/film/697"/>
        <relation>=</relation>
        <measure rdf:datatype="http://www.w3.org/2001/XMLSchema#float">1.0</measure>
      </Cell>
    </map>
    <map>
      <Cell>
        <entity1 rdf:resource="http://dbpedia.org/resource/To_Sir,_with_Love"/>
        <entity2 rdf:resource="http://data.linkedmdb.org/resource/film/487"/>
        <relation>=</relation>
        <measure rdf:datatype="http://www.w3.org/2001/XMLSchema#float">1.0</measure>
      </Cell>
    </map>
    <map>
      <Cell>
        <entity1 rdf:resource="http://dbpedia.org/resource/The_Thin_Blue_Line_%28film%29"/>
        <entity2 rdf:resource="http://data.linkedmdb.org/resource/film/1136"/>
        <relation>=</relation>
        <measure rdf:datatype="http://www.w3.org/2001/XMLSchema#float">1.0</measure>
      </Cell>
    </map>
    <map>
      <Cell>
        <entity1 rdf:resource="http://dbpedia.org/resource/The_Princess_Diaries_2:_Royal_Engagement"/>
        <entity2 rdf:resource="http://data.linkedmdb.org/resource/film/1341"/>
        <relation>=</relation>
        <measure rdf:datatype="http://www.w3.org/2001/XMLSchema#float">1.0</measure>
      </Cell>
    </map>
    <map>
      <Cell>
        <entity1 rdf:resource="http://dbpedia.org/resource/The_Caine_Mutiny_%28film%29"/>
        <entity2 rdf:resource="http://data.linkedmdb.org/resource/film/131"/>
        <relation>=</relation>
        <measure rdf:datatype="http://www.w3.org/2001/XMLSchema#float">1.0</measure>
      </Cell>
    </map>
    <map>
      <Cell>
        <entity1 rdf:resource="http://dbpedia.org/resource/Darkness_%282002_film%29"/>
        <entity2 rdf:resource="http://data.linkedmdb.org/resource/film/2320"/>
        <relation>=</relation>
        <measure rdf:datatype="http://www.w3.org/2001/XMLSchema#float">1.0</measure>
      </Cell>
    </map>
    <map>
      <Cell>
        <entity1 rdf:resource="http://dbpedia.org/resource/Dawn_of_the_Dead_%282004_film%29"/>
        <entity2 rdf:resource="http://data.linkedmdb.org/resource/film/1058"/>
        <relation>=</relation>
        <measure rdf:datatype="http://www.w3.org/2001/XMLSchema#float">1.0</measure>
      </Cell>
    </map>
    <map>
      <Cell>
        <entity1 rdf:resource="http://dbpedia.org/resource/Groundhog_Day_%28film%29"/>
        <entity2 rdf:resource="http://data.linkedmdb.org/resource/film/335"/>
        <relation>=</relation>
        <measure rdf:datatype="http://www.w3.org/2001/XMLSchema#float">1.0</measure>
      </Cell>
    </map>
    <map>
      <Cell>
        <entity1 rdf:resource="http://dbpedia.org/resource/The_Devil%27s_Advocate_%28film%29"/>
        <entity2 rdf:resource="http://data.linkedmdb.org/resource/film/1250"/>
        <relation>=</relation>
        <measure rdf:datatype="http://www.w3.org/2001/XMLSchema#float">1.0</measure>
      </Cell>
    </map>
    <map>
      <Cell>
        <entity1 rdf:resource="http://dbpedia.org/resource/What_About_Bob%3F"/>
        <entity2 rdf:resource="http://data.linkedmdb.org/resource/film/1642"/>
        <relation>=</relation>
        <measure rdf:datatype="http://www.w3.org/2001/XMLSchema#float">1.0</measure>
      </Cell>
    </map>
    <map>
      <Cell>
        <entity1 rdf:resource="http://dbpedia.org/resource/Tillie%27s_Punctured_Romance_%281914_film%29"/>
        <entity2 rdf:resource="http://data.linkedmdb.org/resource/film/600"/>
        <relation>=</relation>
        <measure rdf:datatype="http://www.w3.org/2001/XMLSchema#float">1.0</measure>
      </Cell>
    </map>
    <map>
      <Cell>
        <entity1 rdf:resource="http://dbpedia.org/resource/Platform_%282000_film%29"/>
        <entity2 rdf:resource="http://data.linkedmdb.org/resource/film/144"/>
        <relation>!=</relation>
        <measure rdf:datatype="http://www.w3.org/2001/XMLSchema#float">1.0</measure>
      </Cell>
    </map>
    <map>
      <Cell>
        <entity1 rdf:resource="http://dbpedia.org/resource/Dragon_%282006_film%29"/>
        <entity2 rdf:resource="http://data.linkedmdb.org/resource/film/2551"/>
        <relation>!=</relation>
        <measure rdf:datatype="http://www.w3.org/2001/XMLSchema#float">0.97</measure>
      </Cell>
    </map>
    <map>
      <Cell>
        <entity1 rdf:resource="http://dbpedia.org/resource/Coast_to_Coast_%281980_film%29"/>
        <entity2 rdf:resource="http://data.linkedmdb.org/resource/film/312"/>
        <relation>!=</relation>
        <measure rdf:datatype="http://www.w3.org/2001/XMLSchema#float">1.0</measure>
      </Cell>
    </map>
    <map>
      <Cell>
        <entity1 rdf:resource="http://dbpedia.org/resource/One_from_the_Heart"/>
        <entity2 rdf:resource="http://data.linkedmdb.org/resource/film/314"/>
        <relation>!=</relation>
        <measure rdf:datatype="http://www.w3.org/2001/XMLSchema#float">1.0</measure>
      </Cell>
    </map>
    <map>
      <Cell>
        <entity1 rdf:resource="http://dbpedia.org/resource/Race_to_Space"/>
        <entity2 rdf:resource="http://data.linkedmdb.org/resource/film/17"/>
        <relation>!=</relation>
        <measure rdf:datatype="http://www.w3.org/2001/XMLSchema#float">1.0</measure>
      </Cell>
    </map>
    <map>
      <Cell>
        <entity1 rdf:resource="http://dbpedia.org/resource/The_Count_of_Monte_Cristo_%281954_film%29"/>
        <entity2 rdf:resource="http://data.linkedmdb.org/resource/film/1519"/>
        <relation>!=</relation>
        <measure rdf:datatype="http://www.w3.org/2001/XMLSchema#float">1.0</measure>
      </Cell>
    </map>
    <map>
      <Cell>
        <entity1 rdf:resource="http://dbpedia.org/resource/Mr._Bug_Goes_to_Town"/>
        <entity2 rdf:resource="http://data.linkedmdb.org/resource/film/240"/>
        <relation>!=</relation>
        <measure rdf:datatype="http://www.w3.org/2001/XMLSchema#float">1.0</measure>
      </Cell>
    </map>
    <map>
      <Cell>
        <entity1 rdf:resource="http://dbpedia.org/resource/Anna_Karenina_%281935_film%29"/>
        <entity2 rdf:resource="http://data.linkedmdb.org/resource/film/105"/>
        <relation>!=</relation>
        <measure rdf:datatype="http://www.w3.org/2001/XMLSchema#float">1.0</measure>
      </Cell>
    </map>
    <map>
      <Cell>
        <entity1 rdf:resource="http://dbpedia.org/resource/She%27s_Gotta_Have_It"/>
        <entity2 rdf:resource="http://data.linkedmdb.org/resource/film/232"/>
        <relation>!=</relation>
        <measure rdf:datatype="http://www.w3.org/2001/XMLSchema#float">1.0</measure>
      </Cell>
    </map>
    <map>
      <Cell>
        <entity1 rdf:resource="http://dbpedia.org/resource/Bugsy"/>
        <entity2 rdf:resource="http://data.linkedmdb.org/resource/film/331"/>
        <relation>!=</relation>
        <measure rdf:datatype="http://www.w3.org/2001/XMLSchema#float">1.0</measure>
      </Cell>
    </map>
    <map>
      <Cell>
        <entity1 rdf:resource="http://dbpedia.org/resource/Group_Portrait_with_Lady_%28film%29"/>
        <entity2 rdf:resource="http://data.linkedmdb.org/resource/film/75"/>
        <relation>!=</relation>
        <measure rdf:datatype="http://www.w3.org/2001/XMLSchema#float">1.0</measure>
      </Cell>
    </map>
    <map>
      <Cell>
        <entity1 rdf:resource="http://dbpedia.org/resource/The_Cotton_Club_%28film%29"/>
        <entity2 rdf:resource="http://data.linkedmdb.org/resource/film/143"/>
        <relation>!=</relation>
        <measure rdf:datatype="http://www.w3.org/2001/XMLSchema#float">1.0</measure>
      </Cell>
    </map>
    <map>
      <Cell>
        <entity1 rdf:resource="http://dbpedia.org/resource/Child%27s_Play_2"/>
        <entity2 rdf:resource="http://data.linkedmdb.org/resource/film/1046"/>
        <relation>!=</relation>
        <measure rdf:datatype="http://www.w3.org/2001/XMLSchema#float">0.37</measure>
      </Cell>
    </map>
    <map>
      <Cell>
        <entity1 rdf:resource="http://dbpedia.org/resource/Chuck_&amp;_Buck"/>
        <entity2 rdf:resource="http://data.linkedmdb.org/resource/film/65"/>
        <relation>!=</relation>
        <measure rdf:datatype="http://www.w3.org/2001/XMLSchema#float">1.0</measure>
      </Cell>
    </map>
    <map>
      <Cell>
        <entity1 rdf:resource="http://dbpedia.org/resource/The_Messenger:_The_Story_of_Joan_of_Arc"/>
        <entity2 rdf:resource="http://data.linkedmdb.org/resource/film/48"/>
        <relation>!=</relation>
        <measure rdf:datatype="http://www.w3.org/2001/XMLSchema#float">1.0</measure>
      </Cell>
    </map>
    <map>
      <Cell>
        <entity1 rdf:resource="http://dbpedia.org/resource/Squanto:_A_Warrior%27s_Tale"/>
        <entity2 rdf:resource="http://data.linkedmdb.org/resource/film/31"/>
        <relation>!=</relation>
        <measure rdf:datatype="http://www.w3.org/2001/XMLSchema#float">1.0</measure>
      </Cell>
    </map>
    <map>
      <Cell>
        <entity1 rdf:resource="http://dbpedia.org/resource/Two_Arabian_Knights"/>
        <entity2 rdf:resource="http://data.linkedmdb.org/resource/film/108"/>
        <relation>!=</relation>
        <measure rdf:datatype="http://www.w3.org/2001/XMLSchema#float">1.0</measure>
      </Cell>
    </map>
    <map>
      <Cell>
        <entity1 rdf:resource="http://dbpedia.org/resource/Unforgettable_%28film%29"/>
        <entity2 rdf:resource="http://data.linkedmdb.org/resource/film/309"/>
        <relation>!=</relation>
        <measure rdf:datatype="http://www.w3.org/2001/XMLSchema#float">1.0</measure>
      </Cell>
    </map>
    <map>
      <Cell>
        <entity1 rdf:resource="http://dbpedia.org/resource/Mad_Love_%281995_film%29"/>
        <entity2 rdf:resource="http://data.linkedmdb.org/resource/film/250"/>
        <relation>!=</relation>
        <measure rdf:datatype="http://www.w3.org/2001/XMLSchema#float">1.0</measure>
      </Cell>
    </map>
    <map>
      <Cell>
        <entity1 rdf:resource="http://dbpedia.org/resource/In_the_Mirror_of_Maya_Deren"/>
        <entity2 rdf:resource="http://data.linkedmdb.org/resource/film/17"/>
        <relation>!=</relation>
        <measure rdf:datatype="http://www.w3.org/2001/XMLSchema#float">1.0</measure>
      </Cell>
    </map>
    <map>
      <Cell>
        <entity1 rdf:resource="http://dbpedia.org/resource/Bugsy"/>
        <entity2 rdf:resource="http://data.linkedmdb.org/resource/film/45"/>
        <relation>!=</relation>
        <measure rdf:datatype="http://www.w3.org/2001/XMLSchema#float">1.0</measure>
      </Cell>
    </map>
    <map>
      <Cell>
        <entity1 rdf:resource="http://dbpedia.org/resource/Tart_%28film%29"/>
        <entity2 rdf:resource="http://data.linkedmdb.org/resource/film/64"/>
        <relation>!=</relation>
        <measure rdf:datatype="http://www.w3.org/2001/XMLSchema#float">1.0</measure>
      </Cell>
    </map>
    <map>
      <Cell>
        <entity1 rdf:resource="http://dbpedia.org/resource/Sleeper_%282005_film%29"/>
        <entity2 rdf:resource="http://data.linkedmdb.org/resource/film/78"/>
        <relation>!=</relation>
        <measure rdf:datatype="http://www.w3.org/2001/XMLSchema#float">1.0</measure>
      </Cell>
    </map>
    <map>
      <Cell>
        <entity1 rdf:resource="http://dbpedia.org/resource/Jack_and_the_Beanstalk_%281931_cartoon%29"/>
        <entity2 rdf:resource="http://data.linkedmdb.org/resource/film/162"/>
        <relation>!=</relation>
        <measure rdf:datatype="http://www.w3.org/2001/XMLSchema#float">1.0</measure>
      </Cell>
    </map>
    <map>
      <Cell>
        <entity1 rdf:resource="http://dbpedia.org/resource/Ratty_%28film%29"/>
        <entity2 rdf:resource="http://data.linkedmdb.org/resource/film/319"/>
        <relation>!=</relation>
        <measure rdf:datatype="http://www.w3.org/2001/XMLSchema#float">1.0</measure>
      </Cell>
    </map>
    <map>
      <Cell>
        <entity1 rdf:resource="http://dbpedia.org/resource/Altars_of_Desire"/>
        <entity2 rdf:resource="http://data.linkedmdb.org/resource/film/137"/>
        <relation>!=</relation>
        <measure rdf:datatype="http://www.w3.org/2001/XMLSchema#float">1.0</measure>
      </Cell>
    </map>
    <map>
      <Cell>
        <entity1 rdf:resource="http://dbpedia.org/resource/Regeneration_%281997_film%29"/>
        <entity2 rdf:resource="http://data.linkedmdb.org/resource/film/207"/>
        <relation>!=</relation>
        <measure rdf:datatype="http://www.w3.org/2001/XMLSchema#float">1.0</measure>
      </Cell>
    </map>
    <map>
      <Cell>
        <entity1 rdf:resource="http://dbpedia.org/resource/Topaz_%281969_film%29"/>
        <entity2 rdf:resource="http://data.linkedmdb.org/resource/film/230"/>
        <relation>!=</relation>
        <measure rdf:datatype="http://www.w3.org/2001/XMLSchema#float">1.0</measure>
      </Cell>
    </map>
    <map>
      <Cell>
        <entity1 rdf:resource="http://dbpedia.org/resource/Love_and_Money_%28film%29"/>
        <entity2 rdf:resource="http://data.linkedmdb.org/resource/film/314"/>
        <relation>!=</relation>
        <measure rdf:datatype="http://www.w3.org/2001/XMLSchema#float">1.0</measure>
      </Cell>
    </map>
    <map>
      <Cell>
        <entity1 rdf:resource="http://dbpedia.org/resource/Miracle_Lane_2"/>
        <entity2 rdf:resource="http://data.linkedmdb.org/resource/film/22"/>
        <relation>!=</relation>
        <measure rdf:datatype="http://www.w3.org/2001/XMLSchema#float">1.0</measure>
      </Cell>
    </map>
    <map>
      <Cell>
        <entity1 rdf:resource="http://dbpedia.org/resource/Dogs_is_Dogs"/>
        <entity2 rdf:resource="http://data.linkedmdb.org/resource/film/162"/>
        <relation>!=</relation>
        <measure rdf:datatype="http://www.w3.org/2001/XMLSchema#float">1.0</measure>
      </Cell>
    </map>
    <map>
      <Cell>
        <entity1 rdf:resource="http://dbpedia.org/resource/Juwanna_Mann"/>
        <entity2 rdf:resource="http://data.linkedmdb.org/resource/film/333"/>
        <relation>!=</relation>
        <measure rdf:datatype="http://www.w3.org/2001/XMLSchema#float">1.0</measure>
      </Cell>
    </map>
    <map>
      <Cell>
        <entity1 rdf:resource="http://dbpedia.org/resource/Cal_%28film%29"/>
        <entity2 rdf:resource="http://data.linkedmdb.org/resource/film/202"/>
        <relation>!=</relation>
        <measure rdf:datatype="http://www.w3.org/2001/XMLSchema#float">1.0</measure>
      </Cell>
    </map>
    <map>
      <Cell>
        <entity1 rdf:resource="http://dbpedia.org/resource/The_Messenger:_The_Story_of_Joan_of_Arc"/>
        <entity2 rdf:resource="http://data.linkedmdb.org/resource/film/285"/>
        <relation>!=</relation>
        <measure rdf:datatype="http://www.w3.org/2001/XMLSchema#float">1.0</measure>
      </Cell>
    </map>
    <map>
      <Cell>
        <entity1 rdf:resource="http://dbpedia.org/resource/Sabrina_%281995_film%29"/>
        <entity2 rdf:resource="http://data.linkedmdb.org/resource/film/53"/>
        <relation>!=</relation>
        <measure rdf:datatype="http://www.w3.org/2001/XMLSchema#float">1.0</measure>
      </Cell>
    </map>
    <map>
      <Cell>
        <entity1 rdf:resource="http://dbpedia.org/resource/Heroes_Shed_No_Tears_%281986_film%29"/>
        <entity2 rdf:resource="http://data.linkedmdb.org/resource/film/217"/>
        <relation>!=</relation>
        <measure rdf:datatype="http://www.w3.org/2001/XMLSchema#float">1.0</measure>
      </Cell>
    </map>
    <map>
      <Cell>
        <entity1 rdf:resource="http://dbpedia.org/resource/Martin_Roumagnac"/>
        <entity2 rdf:resource="http://data.linkedmdb.org/resource/film/253"/>
        <relation>!=</relation>
        <measure rdf:datatype="http://www.w3.org/2001/XMLSchema#float">1.0</measure>
      </Cell>
    </map>
    <map>
      <Cell>
        <entity1 rdf:resource="http://dbpedia.org/resource/See_How_They_Run_%281964_film%29"/>
        <entity2 rdf:resource="http://data.linkedmdb.org/resource/film/323"/>
        <relation>!=</relation>
        <measure rdf:datatype="http://www.w3.org/2001/XMLSchema#float">1.0</measure>
      </Cell>
    </map>
    <map>
      <Cell>
        <entity1 rdf:resource="http://dbpedia.org/resource/Berlin:_Symphony_of_a_Metropolis"/>
        <entity2 rdf:resource="http://data.linkedmdb.org/resource/film/108"/>
        <relation>!=</relation>
        <measure rdf:datatype="http://www.w3.org/2001/XMLSchema#float">1.0</measure>
      </Cell>
    </map>
    <map>
      <Cell>
        <entity1 rdf:resource="http://dbpedia.org/resource/Oh,_God%21_Book_II"/>
        <entity2 rdf:resource="http://data.linkedmdb.org/resource/film/312"/>
        <relation>!=</relation>
        <measure rdf:datatype="http://www.w3.org/2001/XMLSchema#float">1.0</measure>
      </Cell>
    </map>
    <map>
      <Cell>
        <entity1 rdf:resource="http://dbpedia.org/resource/She%27s_Gotta_Have_It"/>
        <entity2 rdf:resource="http://data.linkedmdb.org/resource/film/264"/>
        <relation>!=</relation>
        <measure rdf:datatype="http://www.w3.org/2001/XMLSchema#float">1.0</measure>
      </Cell>
    </map>
    <map>
      <Cell>
        <entity1 rdf:resource="http://dbpedia.org/resource/Danger%21%21_Death_Ray"/>
        <entity2 rdf:resource="http://data.linkedmdb.org/resource/film/205"/>
        <relation>!=</relation>
        <measure rdf:datatype="http://www.w3.org/2001/XMLSchema#float">1.0</measure>
      </Cell>
    </map>
    <map>
      <Cell>
        <entity1 rdf:resource="http://dbpedia.org/resource/The_Taxi_Dancer"/>
        <entity2 rdf:resource="http://data.linkedmdb.org/resource/film/137"/>
        <relation>!=</relation>
        <measure rdf:datatype="http://www.w3.org/2001/XMLSchema#float">1.0</measure>
      </Cell>
    </map>
    <map>
      <Cell>
        <entity1 rdf:resource="http://dbpedia.org/resource/Frequency_%28film%29"/>
        <entity2 rdf:resource="http://data.linkedmdb.org/resource/film/56"/>
        <relation>!=</relation>
        <measure rdf:datatype="http://www.w3.org/2001/XMLSchema#float">1.0</measure>
      </Cell>
    </map>
    <map>
      <Cell>
        <entity1 rdf:resource="http://dbpedia.org/resource/All_Things_Fair"/>
        <entity2 rdf:resource="http://data.linkedmdb.org/resource/film/339"/>
        <relation>!=</relation>
        <measure rdf:datatype="http://www.w3.org/2001/XMLSchema#float">1.0</measure>
      </Cell>
    </map>
    <map>
      <Cell>
        <entity1 rdf:resource="http://dbpedia.org/resource/Dogma_%28film%29"/>
        <entity2 rdf:resource="http://data.linkedmdb.org/resource/film/48"/>
        <relation>!=</relation>
        <measure rdf:datatype="http://www.w3.org/2001/XMLSchema#float">1.0</measure>
      </Cell>
    </map>
    <map>
      <Cell>
        <entity1 rdf:resource="http://dbpedia.org/resource/Throw_Momma_from_the_Train"/>
        <entity2 rdf:resource="http://data.linkedmdb.org/resource/film/84"/>
        <relation>!=</relation>
        <measure rdf:datatype="http://www.w3.org/2001/XMLSchema#float">1.0</measure>
      </Cell>
    </map>
    <map>
      <Cell>
        <entity1 rdf:resource="http://dbpedia.org/resource/The_Big_Fix"/>
        <entity2 rdf:resource="http://data.linkedmdb.org/resource/film/304"/>
        <relation>!=</relation>
        <measure rdf:datatype="http://www.w3.org/2001/XMLSchema#float">1.0</measure>
      </Cell>
    </map>
    <map>
      <Cell>
        <entity1 rdf:resource="http://dbpedia.org/resource/MouseHunt_%28film%29"/>
        <entity2 rdf:resource="http://data.linkedmdb.org/resource/film/72"/>
        <relation>!=</relation>
        <measure rdf:datatype="http://www.w3.org/2001/XMLSchema#float">1.0</measure>
      </Cell>
    </map>
    <map>
      <Cell>
        <entity1 rdf:resource="http://dbpedia.org/resource/Gadar:_Ek_Prem_Katha"/>
        <entity2 rdf:resource="http://data.linkedmdb.org/resource/film/64"/>
        <relation>!=</relation>
        <measure rdf:datatype="http://www.w3.org/2001/XMLSchema#float">1.0</measure>
      </Cell>
    </map>
    <map>
      <Cell>
        <entity1 rdf:resource="http://dbpedia.org/resource/Mr._Bug_Goes_to_Town"/>
        <entity2 rdf:resource="http://data.linkedmdb.org/resource/film/177"/>
        <relation>!=</relation>
        <measure rdf:datatype="http://www.w3.org/2001/XMLSchema#float">1.0</measure>
      </Cell>
    </map>
    <map>
      <Cell>
        <entity1 rdf:resource="http://dbpedia.org/resource/The_Beast_Within"/>
        <entity2 rdf:resource="http://data.linkedmdb.org/resource/film/314"/>
        <relation>!=</relation>
        <measure rdf:datatype="http://www.w3.org/2001/XMLSchema#float">1.0</measure>
      </Cell>
    </map>
    <map>
      <Cell>
        <entity1 rdf:resource="http://dbpedia.org/resource/The_Admiral_Was_a_Lady"/>
        <entity2 rdf:resource="http://data.linkedmdb.org/resource/film/222"/>
        <relation>!=</relation>
        <measure rdf:datatype="http://www.w3.org/2001/XMLSchema#float">1.0</measure>
      </Cell>
    </map>
    <map>
      <Cell>
        <entity1 rdf:resource="http://dbpedia.org/resource/If_Lucy_Fell"/>
        <entity2 rdf:resource="http://data.linkedmdb.org/resource/film/339"/>
        <relation>!=</relation>
        <measure rdf:datatype="http://www.w3.org/2001/XMLSchema#float">1.0</measure>
      </Cell>
    </map>
    <map>
      <Cell>
        <entity1 rdf:resource="http://dbpedia.org/resource/Tower_of_London_%281962_film%29"/>
        <entity2 rdf:resource="http://data.linkedmdb.org/resource/film/83"/>
        <relation>!=</relation>
        <measure rdf:datatype="http://www.w3.org/2001/XMLSchema#float">1.0</measure>
      </Cell>
    </map>
    <map>
      <Cell>
        <entity1 rdf:resource="http://dbpedia.org/resource/My_Fellow_Americans"/>
        <entity2 rdf:resource="http://data.linkedmdb.org/resource/film/320"/>
        <relation>!=</relation>
        <measure rdf:datatype="http://www.w3.org/2001/XMLSchema#float">1.0</measure>
      </Cell>
    </map>
    <map>
      <Cell>
        <entity1 rdf:resource="http://dbpedia.org/resource/Birdy_%28film%29"/>
        <entity2 rdf:resource="http://data.linkedmdb.org/resource/film/143"/>
        <relation>!=</relation>
        <measure rdf:datatype="http://www.w3.org/2001/XMLSchema#float">1.0</measure>
      </Cell>
    </map>
    <map>
      <Cell>
        <entity1 rdf:resource="http://dbpedia.org/resource/Prom_Night_IV:_Deliver_Us_from_Evil"/>
        <entity2 rdf:resource="http://data.linkedmdb.org/resource/film/245"/>
        <relation>!=</relation>
        <measure rdf:datatype="http://www.w3.org/2001/XMLSchema#float">1.0</measure>
      </Cell>
    </map>
    <map>
      <Cell>
        <entity1 rdf:resource="http://dbpedia.org/resource/Karma_%28film%29"/>
        <entity2 rdf:resource="http://data.linkedmdb.org/resource/film/232"/>
        <relation>!=</relation>
        <measure rdf:datatype="http://www.w3.org/2001/XMLSchema#float">1.0</measure>
      </Cell>
    </map>
    <map>
      <Cell>
        <entity1 rdf:resource="http://dbpedia.org/resource/Sunshine_State_%28film%29"/>
        <entity2 rdf:resource="http://data.linkedmdb.org/resource/film/333"/>
        <relation>!=</relation>
        <measure rdf:datatype="http://www.w3.org/2001/XMLSchema#float">1.0</measure>
      </Cell>
    </map>
    <map>
      <Cell>
        <entity1 rdf:resource="http://dbpedia.org/resource/King_Kong_Lives"/>
        <entity2 rdf:resource="http://data.linkedmdb.org/resource/film/319"/>
        <relation>!=</relation>
        <measure rdf:datatype="http://www.w3.org/2001/XMLSchema#float">1.0</measure>
      </Cell>
    </map>
    <map>
      <Cell>
        <entity1 rdf:resource="http://dbpedia.org/resource/I_Wake_Up_Screaming"/>
        <entity2 rdf:resource="http://data.linkedmdb.org/resource/film/194"/>
        <relation>!=</relation>
        <measure rdf:datatype="http://www.w3.org/2001/XMLSchema#float">1.0</measure>
      </Cell>
    </map>
    <map>
      <Cell>
        <entity1 rdf:resource="http://dbpedia.org/resource/Almost_an_Angel"/>
        <entity2 rdf:resource="http://data.linkedmdb.org/resource/film/297"/>
        <relation>!=</relation>
        <measure rdf:datatype="http://www.w3.org/2001/XMLSchema#float">1.0</measure>
      </Cell>
    </map>
    <map>
      <Cell>
        <entity1 rdf:resource="http://dbpedia.org/resource/The_Buccaneer_%281938_film%29"/>
        <entity2 rdf:resource="http://data.linkedmdb.org/resource/film/208"/>
        <relation>!=</relation>
        <measure rdf:datatype="http://www.w3.org/2001/XMLSchema#float">1.0</measure>
      </Cell>
    </map>
    <map>
      <Cell>
        <entity1 rdf:resource="http://dbpedia.org/resource/Overboard_%28film%29"/>
        <entity2 rdf:resource="http://data.linkedmdb.org/resource/film/326"/>
        <relation>!=</relation>
        <measure rdf:datatype="http://www.w3.org/2001/XMLSchema#float">1.0</measure>
      </Cell>
    </map>
    <map>
      <Cell>
        <entity1 rdf:resource="http://dbpedia.org/resource/Filantropica"/>
        <entity2 rdf:resource="http://data.linkedmdb.org/resource/film/17"/>
        <relation>!=</relation>
        <measure rdf:datatype="http://www.w3.org/2001/XMLSchema#float">1.0</measure>
      </Cell>
    </map>
    <map>
      <Cell>
        <entity1 rdf:resource="http://dbpedia.org/resource/Baadal_%281985_film%29"/>
        <entity2 rdf:resource="http://data.linkedmdb.org/resource/film/126"/>
        <relation>!=</relation>
        <measure rdf:datatype="http://www.w3.org/2001/XMLSchema#float">1.0</measure>
      </Cell>
    </map>
    <map>
      <Cell>
        <entity1 rdf:resource="http://dbpedia.org/resource/The_Serpent_and_the_Rainbow_%28film%29"/>
        <entity2 rdf:resource="http://data.linkedmdb.org/resource/film/332"/>
        <relation>!=</relation>
        <measure rdf:datatype="http://www.w3.org/2001/XMLSchema#float">1.0</measure>
      </Cell>
    </map>
    <map>
      <Cell>
        <entity1 rdf:resource="http://dbpedia.org/resource/Big_Business_%281988_film%29"/>
        <entity2 rdf:resource="http://data.linkedmdb.org/resource/film/332"/>
        <relation>!=</relation>
        <measure rdf:datatype="http://www.w3.org/2001/XMLSchema#float">1.0</measure>
      </Cell>
    </map>
    <map>
      <Cell>
        <entity1 rdf:resource="http://dbpedia.org/resource/Au_Hasard_Balthazar"/>
        <entity2 rdf:resource="http://data.linkedmdb.org/resource/film/283"/>
        <relation>!=</relation>
        <measure rdf:datatype="http://www.w3.org/2001/XMLSchema#float">1.0</measure>
      </Cell>
    </map>
    <map>
      <Cell>
        <entity1 rdf:resource="http://dbpedia.org/resource/Heaven_Can_Wait_%281943_film%29"/>
        <entity2 rdf:resource="http://data.linkedmdb.org/resource/film/303"/>
        <relation>!=</relation>
        <measure rdf:datatype="http://www.w3.org/2001/XMLSchema#float">1.0</measure>
      </Cell>
    </map>
    <map>
      <Cell>
        <entity1 rdf:resource="http://dbpedia.org/resource/The_Alchemist_%28film%29"/>
        <entity2 rdf:resource="http://data.linkedmdb.org/resource/film/202"/>
        <relation>!=</relation>
        <measure rdf:datatype="http://www.w3.org/2001/XMLSchema#float">1.0</measure>
      </Cell>
    </map>
    <map>
      <Cell>
        <entity1 rdf:resource="http://dbpedia.org/resource/Maze_%28film%29"/>
        <entity2 rdf:resource="http://data.linkedmdb.org/resource/film/2211"/>
        <relation>!=</relation>
        <measure rdf:datatype="http://www.w3.org/2001/XMLSchema#float">0.22499999999999998</measure>
      </Cell>
    </map>
    <map>
      <Cell>
        <entity1 rdf:resource="http://dbpedia.org/resource/Karma_%28film%29"/>
        <entity2 rdf:resource="http://data.linkedmdb.org/resource/film/264"/>
        <relation>!=</relation>
        <measure rdf:datatype="http://www.w3.org/2001/XMLSchema#float">1.0</measure>
      </Cell>
    </map>
    <map>
      <Cell>
        <entity1 rdf:resource="http://dbpedia.org/resource/Zakhmi_Sipahi"/>
        <entity2 rdf:resource="http://data.linkedmdb.org/resource/film/250"/>
        <relation>!=</relation>
        <measure rdf:datatype="http://www.w3.org/2001/XMLSchema#float">1.0</measure>
      </Cell>
    </map>
    <map>
      <Cell>
        <entity1 rdf:resource="http://dbpedia.org/resource/Braindead_%28film%29"/>
        <entity2 rdf:resource="http://data.linkedmdb.org/resource/film/335"/>
        <relation>!=</relation>
        <measure rdf:datatype="http://www.w3.org/2001/XMLSchema#float">1.0</measure>
      </Cell>
    </map>
    <map>
      <Cell>
        <entity1 rdf:resource="http://dbpedia.org/resource/The_Public_Defender"/>
        <entity2 rdf:resource="http://data.linkedmdb.org/resource/film/223"/>
        <relation>!=</relation>
        <measure rdf:datatype="http://www.w3.org/2001/XMLSchema#float">1.0</measure>
      </Cell>
    </map>
    <map>
      <Cell>
        <entity1 rdf:resource="http://dbpedia.org/resource/Ninne_Pelladutha"/>
        <entity2 rdf:resource="http://data.linkedmdb.org/resource/film/302"/>
        <relation>!=</relation>
        <measure rdf:datatype="http://www.w3.org/2001/XMLSchema#float">1.0</measure>
      </Cell>
    </map>
    <map>
      <Cell>
        <entity1 rdf:resource="http://dbpedia.org/resource/Lamhe"/>
        <entity2 rdf:resource="http://data.linkedmdb.org/resource/film/330"/>
        <relation>!=</relation>
        <measure rdf:datatype="http://www.w3.org/2001/XMLSchema#float">1.0</measure>
      </Cell>
    </map>
    <map>
      <Cell>
        <entity1 rdf:resource="http://dbpedia.org/resource/The_Englishman_Who_Went_Up_a_Hill_But_Came_Down_a_Mountain"/>
        <entity2 rdf:resource="http://data.linkedmdb.org/resource/film/337"/>
        <relation>!=</relation>
        <measure rdf:datatype="http://www.w3.org/2001/XMLSchema#float">1.0</measure>
      </Cell>
    </map>
    <map>
      <Cell>
        <entity1 rdf:resource="http://dbpedia.org/resource/Alice_%281990_film%29"/>
        <entity2 rdf:resource="http://data.linkedmdb.org/resource/film/329"/>
        <relation>!=</relation>
        <measure rdf:datatype="http://www.w3.org/2001/XMLSchema#float">1.0</measure>
      </Cell>
    </map>
    <map>
      <Cell>
        <entity1 rdf:resource="http://dbpedia.org/resource/Miracle_on_34th_Street_%281994_film%29"/>
        <entity2 rdf:resource="http://data.linkedmdb.org/resource/film/19"/>
        <relation>!=</relation>
        <measure rdf:datatype="http://www.w3.org/2001/XMLSchema#float">1.0</measure>
      </Cell>
    </map>
    <map>
      <Cell>
        <entity1 rdf:resource="http://dbpedia.org/resource/Phenomenon_%28film%29"/>
        <entity2 rdf:resource="http://data.linkedmdb.org/resource/film/73"/>
        <relation>!=</relation>
        <measure rdf:datatype="http://www.w3.org/2001/XMLSchema#float">1.0</measure>
      </Cell>
    </map>
    <map>
      <Cell>
        <entity1 rdf:resource="http://dbpedia.org/resource/He_Who_Loves_in_a_Glass_House"/>
        <entity2 rdf:resource="http://data.linkedmdb.org/resource/film/215"/>
        <relation>!=</relation>
        <measure rdf:datatype="http://www.w3.org/2001/XMLSchema#float">1.0</measure>
      </Cell>
    </map>
    <map>
      <Cell>
        <entity1 rdf:resource="http://dbpedia.org/resource/Shaft_%282000_film%29"/>
        <entity2 rdf:resource="http://data.linkedmdb.org/resource/film/215"/>
        <relation>!=</relation>
        <measure rdf:datatype="http://www.w3.org/2001/XMLSchema#float">1.0</measure>
      </Cell>
    </map>
    <map>
      <Cell>
        <entity1 rdf:resource="http://dbpedia.org/resource/Wahnfried_%28film%29"/>
        <entity2 rdf:resource="http://data.linkedmdb.org/resource/film/266"/>
        <relation>!=</relation>
        <measure rdf:datatype="http://www.w3.org/2001/XMLSchema#float">1.0</measure>
      </Cell>
    </map>
    <map>
      <Cell>
        <entity1 rdf:resource="http://dbpedia.org/resource/Mr._Bug_Goes_to_Town"/>
        <entity2 rdf:resource="http://data.linkedmdb.org/resource/film/241"/>
        <relation>!=</relation>
        <measure rdf:datatype="http://www.w3.org/2001/XMLSchema#float">1.0</measure>
      </Cell>
    </map>
    <map>
      <Cell>
        <entity1 rdf:resource="http://dbpedia.org/resource/Martin_Lawrence_Live:_Runteldat"/>
        <entity2 rdf:resource="http://data.linkedmdb.org/resource/film/144"/>
        <relation>!=</relation>
        <measure rdf:datatype="http://www.w3.org/2001/XMLSchema#float">1.0</measure>
      </Cell>
    </map>
    <map>
      <Cell>
        <entity1 rdf:resource="http://dbpedia.org/resource/The_Shooter_%281995_film%29"/>
        <entity2 rdf:resource="http://data.linkedmdb.org/resource/film/53"/>
        <relation>!=</relation>
        <measure rdf:datatype="http://www.w3.org/2001/XMLSchema#float">1.0</measure>
      </Cell>
    </map>
    <map>
      <Cell>
        <entity1 rdf:resource="http://dbpedia.org/resource/Miracle_on_34th_Street_%281994_film%29"/>
        <entity2 rdf:resource="http://data.linkedmdb.org/resource/film/27"/>
        <relation>!=</relation>
        <measure rdf:datatype="http://www.w3.org/2001/XMLSchema#float">1.0</measure>
      </Cell>
    </map>
    <map>
      <Cell>
        <entity1 rdf:resource="http://dbpedia.org/resource/Hard_Eight_%28film%29"/>
        <entity2 rdf:resource="http://data.linkedmdb.org/resource/film/308"/>
        <relation>!=</relation>
        <measure rdf:datatype="http://www.w3.org/2001/XMLSchema#float">1.0</measure>
      </Cell>
    </map>
    <map>
      <Cell>
        <entity1 rdf:resource="http://dbpedia.org/resource/Velvet_Goldmine"/>
        <entity2 rdf:resource="http://data.linkedmdb.org/resource/film/341"/>
        <relation>!=</relation>
        <measure rdf:datatype="http://www.w3.org/2001/XMLSchema#float">1.0</measure>
      </Cell>
    </map>
    <map>
      <Cell>
        <entity1 rdf:resource="http://dbpedia.org/resource/Starman_%28film%29"/>
        <entity2 rdf:resource="http://data.linkedmdb.org/resource/film/143"/>
        <relation>!=</relation>
        <measure rdf:datatype="http://www.w3.org/2001/XMLSchema#float">1.0</measure>
      </Cell>
    </map>
    <map>
      <Cell>
        <entity1 rdf:resource="http://dbpedia.org/resource/The_Deceiver_%28film%29"/>
        <entity2 rdf:resource="http://data.linkedmdb.org/resource/film/162"/>
        <relation>!=</relation>
        <measure rdf:datatype="http://www.w3.org/2001/XMLSchema#float">1.0</measure>
      </Cell>
    </map>
    <map>
      <Cell>
        <entity1 rdf:resource="http://dbpedia.org/resource/The_Big_Kahuna_%28film%29"/>
        <entity2 rdf:resource="http://data.linkedmdb.org/resource/film/56"/>
        <relation>!=</relation>
        <measure rdf:datatype="http://www.w3.org/2001/XMLSchema#float">1.0</measure>
      </Cell>
    </map>
    <map>
      <Cell>
        <entity1 rdf:resource="http://dbpedia.org/resource/Groundhog_Day_%28film%29"/>
        <entity2 rdf:resource="http://data.linkedmdb.org/resource/film/345"/>
        <relation>!=</relation>
        <measure rdf:datatype="http://www.w3.org/2001/XMLSchema#float">1.0</measure>
      </Cell>
    </map>
    <map>
      <Cell>
        <entity1 rdf:resource="http://dbpedia.org/resource/Hooper_%28film%29"/>
        <entity2 rdf:resource="http://data.linkedmdb.org/resource/film/196"/>
        <relation>!=</relation>
        <measure rdf:datatype="http://www.w3.org/2001/XMLSchema#float">1.0</measure>
      </Cell>
    </map>
    <map>
      <Cell>
        <entity1 rdf:resource="http://dbpedia.org/resource/Sostiene_Pereira"/>
        <entity2 rdf:resource="http://data.linkedmdb.org/resource/film/73"/>
        <relation>!=</relation>
        <measure rdf:datatype="http://www.w3.org/2001/XMLSchema#float">1.0</measure>
      </Cell>
    </map>
    <map>
      <Cell>
        <entity1 rdf:resource="http://dbpedia.org/resource/Sex_Guy%27s_Inn:_Women%27s_Wiggling_Asses"/>
        <entity2 rdf:resource="http://data.linkedmdb.org/resource/film/22"/>
        <relation>!=</relation>
        <measure rdf:datatype="http://www.w3.org/2001/XMLSchema#float">1.0</measure>
      </Cell>
    </map>
    <map>
      <Cell>
        <entity1 rdf:resource="http://dbpedia.org/resource/The_Count_of_Monte_Cristo_%281934_film%29"/>
        <entity2 rdf:resource="http://data.linkedmdb.org/resource/film/1519"/>
        <relation>!=</relation>
        <measure rdf:datatype="http://www.w3.org/2001/XMLSchema#float">1.0</measure>
      </Cell>
    </map>
    <map>
      <Cell>
        <entity1 rdf:resource="http://dbpedia.org/resource/Love_&amp;_Basketball"/>
        <entity2 rdf:resource="http://data.linkedmdb.org/resource/film/38"/>
        <relation>!=</relation>
        <measure rdf:datatype="http://www.w3.org/2001/XMLSchema#float">1.0</measure>
      </Cell>
    </map>
  </Alignment>
</rdf:RDF>
