<Interlink id="movies">
        <SourceDataset dataSource="DBpedia" var="a" typeUri="http://dbpedia.org/ontology/Film">
        <RestrictTo>
          
        </RestrictTo>
      </SourceDataset>
        <TargetDataset dataSource="linkedmdb" var="b" typeUri="http://data.linkedmdb.org/resource/movie/film">
        <RestrictTo>
          
        </RestrictTo>
      </TargetDataset>
        <LinkageRule linkType="&lt;http://www.w3.org/2002/07/owl#sameAs&gt;">
        <Aggregate id="combineSimilarities" required="false" weight="1" type="min">
            <Compare id="compareTitles" required="false" weight="1" metric="levenshteinDistance" threshold="0.0" indexing="true">
            <TransformInput id="toLowerCase1" function="lowerCase">
            <Input id="movieTitle1" path="/&lt;http://xmlns.com/foaf/0.1/name&gt;"/>
            
          </TransformInput><TransformInput id="toLowerCase2" function="lowerCase">
            <Input id="movieTitle2" path="/&lt;http://www.w3.org/2000/01/rdf-schema#label&gt;"/>
            
          </TransformInput><Param name="minChar" value="0"/><Param name="maxChar" value="z"/>
          </Compare><Compare id="compareReleaseDates" required="false" weight="1" metric="date" threshold="400.0" indexing="true">
            <Input id="movieReleaseDate1" path="/&lt;http://dbpedia.org/ontology/releaseDate&gt;"/><Input id="movieReleaseDate2" path="/&lt;http://data.linkedmdb.org/resource/movie/initial_release_date&gt;"/>
          </Compare>
          </Aggregate>
        <Filter/>
      </LinkageRule>
        <Outputs>
          
        </Outputs>
      </Interlink>