<Pair>
  <Source>
    <EntityDescription>
      <Type>http://dbpedia.org/ontology/Film</Type>
      <Restriction></Restriction>
      <Paths>
        <Path>/&lt;http://xmlns.com/foaf/0.1/name&gt;</Path>
        <Path>/&lt;http://dbpedia.org/ontology/releaseDate&gt;</Path>
        <Path>/&lt;http://www.w3.org/1999/02/22-rdf-syntax-ns#type&gt;</Path>
        <Path>/&lt;http://purl.org/dc/terms/subject&gt;</Path>
        <Path>/&lt;http://dbpedia.org/ontology/abstract&gt;</Path>
        <Path>/&lt;http://www.w3.org/2000/01/rdf-schema#label&gt;</Path>
        <Path>/&lt;http://www.w3.org/2000/01/rdf-schema#comment&gt;</Path>
        <Path>/&lt;http://dbpedia.org/property/starring&gt;</Path>
        <Path>/&lt;http://dbpedia.org/ontology/starring&gt;</Path>
        <Path>/&lt;http://dbpedia.org/property/wikiPageUsesTemplate&gt;</Path>
        <Path>/&lt;http://dbpedia.org/property/writer&gt;</Path>
        <Path>/&lt;http://dbpedia.org/property/producer&gt;</Path>
        <Path>/&lt;http://dbpedia.org/ontology/writer&gt;</Path>
        <Path>/&lt;http://www.w3.org/2002/07/owl#sameAs&gt;</Path>
        <Path>/&lt;http://dbpedia.org/ontology/producer&gt;</Path>
        <Path>/&lt;http://dbpedia.org/property/released&gt;</Path>
        <Path>/&lt;http://dbpedia.org/ontology/releaseDate&gt;</Path>
        <Path>/&lt;http://dbpedia.org/property/language&gt;</Path>
        <Path>/&lt;http://dbpedia.org/property/director&gt;</Path>
        <Path>/&lt;http://dbpedia.org/property/distributor&gt;</Path>
        <Path>/&lt;http://dbpedia.org/ontology/director&gt;</Path>
        <Path>/&lt;http://dbpedia.org/property/runtime&gt;</Path>
        <Path>/&lt;http://dbpedia.org/property/name&gt;</Path>
        <Path>/&lt;http://dbpedia.org/property/id&gt;</Path>
        <Path>/&lt;http://dbpedia.org/ontology/wikiPageExternalLink&gt;</Path>
        <Path>/&lt;http://xmlns.com/foaf/0.1/page&gt;</Path>
        <Path>/&lt;http://dbpedia.org/ontology/Work/runtime&gt;</Path>
        <Path>/&lt;http://dbpedia.org/ontology/runtime&gt;</Path>
        <Path>/&lt;http://xmlns.com/foaf/0.1/name&gt;</Path>
        <Path>/&lt;http://dbpedia.org/ontology/distributor&gt;</Path>
        <Path>/&lt;http://dbpedia.org/property/music&gt;</Path>
        <Path>/&lt;http://dbpedia.org/property/title&gt;</Path>
        <Path>/&lt;http://dbpedia.org/property/editing&gt;</Path>
        <Path>/&lt;http://dbpedia.org/property/cinematography&gt;</Path>
        <Path>/&lt;http://dbpedia.org/ontology/thumbnail&gt;</Path>
        <Path>/&lt;http://xmlns.com/foaf/0.1/depiction&gt;</Path>
        <Path>/&lt;http://dbpedia.org/ontology/musicComposer&gt;</Path>
        <Path>/&lt;http://dbpedia.org/property/wordnet_type&gt;</Path>
        <Path>/&lt;http://dbpedia.org/property/caption&gt;</Path>
        <Path>/&lt;http://dbpedia.org/ontology/cinematography&gt;</Path>
        <Path>/&lt;http://dbpedia.org/property/country&gt;</Path>
        <Path>/&lt;http://dbpedia.org/ontology/editing&gt;</Path>
        <Path>/&lt;http://dbpedia.org/ontology/language&gt;</Path>
        <Path>/&lt;http://dbpedia.org/property/budget&gt;</Path>
        <Path>/&lt;http://dbpedia.org/ontology/budget&gt;</Path>
        <Path>/&lt;http://dbpedia.org/property/gross&gt;</Path>
        <Path>/&lt;http://dbpedia.org/ontology/gross&gt;</Path>
        <Path>/&lt;http://dbpedia.org/ontology/country&gt;</Path>
        <Path>/&lt;http://dbpedia.org/property/studio&gt;</Path>
        <Path>/&lt;http://dbpedia.org/property/length&gt;</Path>
        <Path>/&lt;http://dbpedia.org/property/screenplay&gt;</Path>
        <Path>/&lt;http://dbpedia.org/property/followedBy&gt;</Path>
      </Paths>
    </EntityDescription>
  </Source>
  <Target>
    <EntityDescription>
      <Type>http://data.linkedmdb.org/resource/movie/film</Type>
      <Restriction></Restriction>
      <Paths>
        <Path>/&lt;http://www.w3.org/2000/01/rdf-schema#label&gt;</Path>
        <Path>/&lt;http://data.linkedmdb.org/resource/movie/initial_release_date&gt;</Path>
        <Path>/&lt;http://data.linkedmdb.org/resource/movie/actor&gt;</Path>
        <Path>\&lt;http://data.linkedmdb.org/resource/movie/prequel&gt;</Path>
        <Path>\&lt;http://data.linkedmdb.org/resource/movie/sequel&gt;</Path>
        <Path>/&lt;http://data.linkedmdb.org/resource/movie/performance&gt;</Path>
        <Path>/&lt;http://xmlns.com/foaf/0.1/page&gt;</Path>
        <Path>/&lt;http://data.linkedmdb.org/resource/movie/writer&gt;</Path>
        <Path>/&lt;http://data.linkedmdb.org/resource/movie/producer&gt;</Path>
        <Path>/&lt;http://www.w3.org/2002/07/owl#sameAs&gt;</Path>
        <Path>/&lt;http://data.linkedmdb.org/resource/movie/director&gt;</Path>
        <Path>/&lt;http://data.linkedmdb.org/resource/movie/language&gt;</Path>
        <Path>/&lt;http://data.linkedmdb.org/resource/movie/film_cut&gt;</Path>
        <Path>/&lt;http://data.linkedmdb.org/resource/movie/runtime&gt;</Path>
        <Path>/&lt;http://data.linkedmdb.org/resource/movie/filmid&gt;</Path>
        <Path>/&lt;http://data.linkedmdb.org/resource/movie/initial_release_date&gt;</Path>
        <Path>/&lt;http://purl.org/dc/terms/date&gt;</Path>
        <Path>/&lt;http://purl.org/dc/terms/title&gt;</Path>
        <Path>/&lt;http://www.w3.org/1999/02/22-rdf-syntax-ns#type&gt;</Path>
        <Path>/&lt;http://www.w3.org/2000/01/rdf-schema#label&gt;</Path>
        <Path>/&lt;http://data.linkedmdb.org/resource/movie/music_contributor&gt;</Path>
        <Path>/&lt;http://data.linkedmdb.org/resource/movie/editor&gt;</Path>
        <Path>/&lt;http://data.linkedmdb.org/resource/movie/genre&gt;</Path>
        <Path>/&lt;http://dbpedia.org/property/hasPhotoCollection&gt;</Path>
        <Path>/&lt;http://data.linkedmdb.org/resource/movie/featured_film_location&gt;</Path>
        <Path>/&lt;http://data.linkedmdb.org/resource/movie/film_subject&gt;</Path>
        <Path>/&lt;http://www.w3.org/2004/02/skos/core#subject&gt;</Path>
        <Path>/&lt;http://data.linkedmdb.org/resource/movie/country&gt;</Path>
        <Path>/&lt;http://xmlns.com/foaf/0.1/based_near&gt;</Path>
        <Path>/&lt;http://data.linkedmdb.org/resource/movie/cinematographer&gt;</Path>
        <Path>/&lt;http://data.linkedmdb.org/resource/movie/production_company&gt;</Path>
        <Path>/&lt;http://data.linkedmdb.org/resource/movie/sequel&gt;</Path>
        <Path>/&lt;http://data.linkedmdb.org/resource/movie/film_format&gt;</Path>
        <Path>/&lt;http://data.linkedmdb.org/resource/movie/film_art_director&gt;</Path>
        <Path>/&lt;http://data.linkedmdb.org/resource/movie/film_story_contributor&gt;</Path>
        <Path>/&lt;http://data.linkedmdb.org/resource/movie/story_contributor&gt;</Path>
        <Path>/&lt;http://data.linkedmdb.org/resource/movie/prequel&gt;</Path>
        <Path>/&lt;http://data.linkedmdb.org/resource/movie/relatedBook&gt;</Path>
        <Path>/&lt;http://data.linkedmdb.org/resource/movie/location&gt;</Path>
        <Path>/&lt;http://data.linkedmdb.org/resource/movie/rating&gt;</Path>
        <Path>/&lt;http://data.linkedmdb.org/resource/movie/film_production_designer&gt;</Path>
        <Path>/&lt;http://data.linkedmdb.org/resource/movie/executive_producer&gt;</Path>
        <Path>/&lt;http://data.linkedmdb.org/resource/movie/film_set_designer&gt;</Path>
        <Path>/&lt;http://data.linkedmdb.org/resource/movie/film_casting_director&gt;</Path>
        <Path>/&lt;http://data.linkedmdb.org/resource/movie/film_regional_release_date&gt;</Path>
        <Path>/&lt;http://data.linkedmdb.org/resource/movie/dubbing_performance&gt;</Path>
        <Path>/&lt;http://data.linkedmdb.org/resource/movie/film_featured_song&gt;</Path>
        <Path>/&lt;http://data.linkedmdb.org/resource/movie/film_film_company_relationship&gt;</Path>
      </Paths>
    </EntityDescription>
  </Target>
</Pair>
