<Types>
  <Type frequency="1.0">http://dbpedia.org/ontology/Film</Type>
  <Type frequency="1.0">http://dbpedia.org/ontology/Work</Type>
  <Type frequency="1.0">http://schema.org/CreativeWork</Type>
  <Type frequency="1.0">http://schema.org/Movie</Type>
  <Type frequency="1.0">http://www.w3.org/2002/07/owl#Thing</Type>
  <Type frequency="0.5226130653266332">http://umbel.org/umbel/rc/Movie_CW</Type>
  <Type frequency="0.4221105527638191">http://dbpedia.org/class/yago/English-languAgeFilms</Type>
  <Type frequency="0.35678391959798994">http://dbpedia.org/class/yago/Movie106613686</Type>
  <Type frequency="0.20603015075376885">http://dbpedia.org/class/yago/AmericanFilms</Type>
  <Type frequency="0.15577889447236182">http://dbpedia.org/class/yago/Black-and-whiteFilms</Type>
  <Type frequency="0.07035175879396985">http://dbpedia.org/class/yago/20thCenturyFoxFilms</Type>
  <Type frequency="0.07035175879396985">http://dbpedia.org/class/yago/FilmsBasedOnNovels</Type>
  <Type frequency="0.06030150753768844">http://dbpedia.org/class/yago/1990sComedyFilms</Type>
  <Type frequency="0.06030150753768844">http://dbpedia.org/class/yago/UnitedStatesNationalFilmRegistryFilms</Type>
  <Type frequency="0.05527638190954774">http://dbpedia.org/class/yago/1990sDramaFilms</Type>
  <Type frequency="0.05527638190954774">http://dbpedia.org/class/yago/AmericanHorrorFilms</Type>
  <Type frequency="0.05025125628140704">http://dbpedia.org/class/yago/AmericanComedyFilms</Type>
  <Type frequency="0.05025125628140704">http://dbpedia.org/class/yago/DirectorialDebutFilms</Type>
  <Type frequency="0.05025125628140704">http://dbpedia.org/class/yago/UniversalPicturesFilms</Type>
  <Type frequency="0.05025125628140704">http://dbpedia.org/class/yago/WarnerBros.Films</Type>
  <Type frequency="0.04522613065326633">http://dbpedia.org/class/yago/AmericanRomanticComedyFilms</Type>
  <Type frequency="0.04522613065326633">http://dbpedia.org/class/yago/AmericanSilentFilms</Type>
  <Type frequency="0.04522613065326633">http://dbpedia.org/class/yago/ColumbiaPicturesFilms</Type>
  <Type frequency="0.04522613065326633">http://dbpedia.org/class/yago/MGMFilms</Type>
  <Type frequency="0.04020100502512563">http://dbpedia.org/class/yago/1986Films</Type>
  <Type frequency="0.04020100502512563">http://dbpedia.org/class/yago/1996Films</Type>
  <Type frequency="0.04020100502512563">http://dbpedia.org/class/yago/2000Films</Type>
  <Type frequency="0.04020100502512563">http://dbpedia.org/class/yago/2002Films</Type>
  <Type frequency="0.04020100502512563">http://dbpedia.org/class/yago/2004Films</Type>
  <Type frequency="0.04020100502512563">http://dbpedia.org/class/yago/AmericanDramaFilms</Type>
  <Type frequency="0.04020100502512563">http://dbpedia.org/class/yago/BritishFilms</Type>
  <Type frequency="0.04020100502512563">http://dbpedia.org/class/yago/FilmRemakes</Type>
  <Type frequency="0.04020100502512563">http://dbpedia.org/class/yago/PsychologicalThrillerFilms</Type>
  <Type frequency="0.035175879396984924">http://dbpedia.org/class/yago/1995Films</Type>
  <Type frequency="0.035175879396984924">http://dbpedia.org/class/yago/AmericanActionThrillerFilms</Type>
  <Type frequency="0.035175879396984924">http://dbpedia.org/class/yago/AmericanComedy-dramaFilms</Type>
  <Type frequency="0.035175879396984924">http://dbpedia.org/class/yago/ParamountFilms</Type>
  <Type frequency="0.03015075376884422">http://dbpedia.org/class/yago/1980sComedyFilms</Type>
  <Type frequency="0.03015075376884422">http://dbpedia.org/class/yago/1990sHorrorFilms</Type>
  <Type frequency="0.03015075376884422">http://dbpedia.org/class/yago/2000sDramaFilms</Type>
  <Type frequency="0.03015075376884422">http://dbpedia.org/class/yago/BritishDramaFilms</Type>
  <Type frequency="0.03015075376884422">http://dbpedia.org/class/yago/ChaseFilms</Type>
  <Type frequency="0.03015075376884422">http://dbpedia.org/class/yago/German-languAgeFilms</Type>
  <Type frequency="0.03015075376884422">http://dbpedia.org/class/yago/RomanticDramaFilms</Type>
  <Type frequency="0.02512562814070352">http://dbpedia.org/class/yago/1980sDramaFilms</Type>
  <Type frequency="0.02512562814070352">http://dbpedia.org/class/yago/1990Films</Type>
  <Type frequency="0.02512562814070352">http://dbpedia.org/class/yago/AmericanCrimeThrillerFilms</Type>
  <Type frequency="0.02512562814070352">http://dbpedia.org/class/yago/AmericanScrewballComedyFilms</Type>
  <Type frequency="0.02512562814070352">http://dbpedia.org/class/yago/Comedy-dramaFilms</Type>
  <Type frequency="0.02512562814070352">http://dbpedia.org/class/yago/IndependentFilms</Type>
  <Type frequency="0.02512562814070352">http://dbpedia.org/class/yago/SupernaturalHorrorFilms</Type>
  <Type frequency="0.02512562814070352">http://dbpedia.org/class/yago/TouChstonePicturesFilms</Type>
  <Type frequency="0.020100502512562814">http://dbpedia.org/class/yago/1938Films</Type>
  <Type frequency="0.020100502512562814">http://dbpedia.org/class/yago/1970sActionFilms</Type>
  <Type frequency="0.020100502512562814">http://dbpedia.org/class/yago/1984Films</Type>
  <Type frequency="0.020100502512562814">http://dbpedia.org/class/yago/1991Films</Type>
  <Type frequency="0.020100502512562814">http://dbpedia.org/class/yago/2000sComedyFilms</Type>
  <Type frequency="0.020100502512562814">http://dbpedia.org/class/yago/AmericanRomanticDramaFilms</Type>
  <Type frequency="0.020100502512562814">http://dbpedia.org/class/yago/FilmsBasedOnPlays</Type>
  <Type frequency="0.020100502512562814">http://dbpedia.org/class/yago/French-languAgeFilms</Type>
  <Type frequency="0.020100502512562814">http://dbpedia.org/class/yago/GermanFilms</Type>
  <Type frequency="0.020100502512562814">http://dbpedia.org/class/yago/MysteryFilms</Type>
  <Type frequency="0.020100502512562814">http://dbpedia.org/class/yago/SilentFilms</Type>
  <Type frequency="0.020100502512562814">http://dbpedia.org/class/yago/TriStarFilms</Type>
  <Type frequency="0.020100502512562814">http://dbpedia.org/class/yago/UnitedArtistsFilms</Type>
  <Type frequency="0.020100502512562814">http://dbpedia.org/class/yago/WorldWarIINavyFilms</Type>
  <Type frequency="0.01507537688442211">http://dbpedia.org/class/yago/1920sComedyFilms</Type>
  <Type frequency="0.01507537688442211">http://dbpedia.org/class/yago/1927Films</Type>
  <Type frequency="0.01507537688442211">http://dbpedia.org/class/yago/1930sAdventureFilms</Type>
  <Type frequency="0.01507537688442211">http://dbpedia.org/class/yago/1931Films</Type>
  <Type frequency="0.01507537688442211">http://dbpedia.org/class/yago/1940sDramaFilms</Type>
  <Type frequency="0.01507537688442211">http://dbpedia.org/class/yago/1941Films</Type>
  <Type frequency="0.01507537688442211">http://dbpedia.org/class/yago/1946Films</Type>
  <Type frequency="0.01507537688442211">http://dbpedia.org/class/yago/1960sDramaFilms</Type>
  <Type frequency="0.01507537688442211">http://dbpedia.org/class/yago/1969Films</Type>
  <Type frequency="0.01507537688442211">http://dbpedia.org/class/yago/1970sThrillerFilms</Type>
  <Type frequency="0.01507537688442211">http://dbpedia.org/class/yago/1971Films</Type>
  <Type frequency="0.01507537688442211">http://dbpedia.org/class/yago/1978Films</Type>
  <Type frequency="0.01507537688442211">http://dbpedia.org/class/yago/1980sActionFilms</Type>
  <Type frequency="0.01507537688442211">http://dbpedia.org/class/yago/1980sRomanticComedyFilms</Type>
  <Type frequency="0.01507537688442211">http://dbpedia.org/class/yago/1997Films</Type>
  <Type frequency="0.01507537688442211">http://dbpedia.org/class/yago/1999Films</Type>
  <Type frequency="0.01507537688442211">http://dbpedia.org/class/yago/2000sActionFilms</Type>
  <Type frequency="0.01507537688442211">http://dbpedia.org/class/yago/2000sCrimeFilms</Type>
  <Type frequency="0.01507537688442211">http://dbpedia.org/class/yago/2000sRomanticComedyFilms</Type>
  <Type frequency="0.01507537688442211">http://dbpedia.org/class/yago/2000sThrillerFilms</Type>
  <Type frequency="0.01507537688442211">http://dbpedia.org/class/yago/ActionComedyFilms</Type>
  <Type frequency="0.01507537688442211">http://dbpedia.org/class/yago/AmericanBlackComedyFilms</Type>
  <Type frequency="0.01507537688442211">http://dbpedia.org/class/yago/AmericanFantasy-comedyFilms</Type>
  <Type frequency="0.01507537688442211">http://dbpedia.org/class/yago/AmericanScienceFictionFilms</Type>
  <Type frequency="0.01507537688442211">http://dbpedia.org/class/yago/AmericanTelevisionFilms</Type>
  <Type frequency="0.01507537688442211">http://dbpedia.org/class/yago/Coming-of-ageFilms</Type>
  <Type frequency="0.01507537688442211">http://dbpedia.org/class/yago/CrimeThrillerFilms</Type>
  <Type frequency="0.01507537688442211">http://dbpedia.org/class/yago/DetectiveFilms</Type>
  <Type frequency="0.01507537688442211">http://dbpedia.org/class/yago/EpicFilms</Type>
  <Type frequency="0.01507537688442211">http://dbpedia.org/class/yago/FilmsAboutReligion</Type>
  <Type frequency="0.01507537688442211">http://dbpedia.org/class/yago/FilmsBasedOnBiographies</Type>
  <Type frequency="0.01507537688442211">http://dbpedia.org/class/yago/FrenchFilms</Type>
  <Type frequency="0.01507537688442211">http://dbpedia.org/class/yago/HeistFilms</Type>
  <Type frequency="0.01507537688442211">http://dbpedia.org/class/yago/IndianFilms</Type>
  <Type frequency="0.01507537688442211">http://dbpedia.org/class/yago/ItalianFilms</Type>
  <Type frequency="0.01507537688442211">http://dbpedia.org/class/yago/MiramaxFilms</Type>
  <Type frequency="0.01507537688442211">http://dbpedia.org/class/yago/SeafaringFilmsBasedOnActuAlEvents</Type>
  <Type frequency="0.01507537688442211">http://dbpedia.org/class/yago/ShortFilms</Type>
  <Type frequency="0.01507537688442211">http://dbpedia.org/class/yago/WarFilmsBasedOnActuAlEvents</Type>
  <Type frequency="0.010050251256281407">http://dbpedia.org/class/yago/1924Films</Type>
  <Type frequency="0.010050251256281407">http://dbpedia.org/class/yago/1930sDramaFilms</Type>
  <Type frequency="0.010050251256281407">http://dbpedia.org/class/yago/1940sThrillerFilms</Type>
  <Type frequency="0.010050251256281407">http://dbpedia.org/class/yago/1959Films</Type>
  <Type frequency="0.010050251256281407">http://dbpedia.org/class/yago/1960sComedyFilms</Type>
  <Type frequency="0.010050251256281407">http://dbpedia.org/class/yago/1960sHorrorFilms</Type>
  <Type frequency="0.010050251256281407">http://dbpedia.org/class/yago/1962Films</Type>
  <Type frequency="0.010050251256281407">http://dbpedia.org/class/yago/1963Films</Type>
  <Type frequency="0.010050251256281407">http://dbpedia.org/class/yago/1967Films</Type>
  <Type frequency="0.010050251256281407">http://dbpedia.org/class/yago/1970sComedyFilms</Type>
  <Type frequency="0.010050251256281407">http://dbpedia.org/class/yago/1972Films</Type>
  <Type frequency="0.010050251256281407">http://dbpedia.org/class/yago/1974Films</Type>
  <Type frequency="0.010050251256281407">http://dbpedia.org/class/yago/1980Films</Type>
  <Type frequency="0.010050251256281407">http://dbpedia.org/class/yago/1980sAdventureFilms</Type>
  <Type frequency="0.010050251256281407">http://dbpedia.org/class/yago/1980sHorrorFilms</Type>
  <Type frequency="0.010050251256281407">http://dbpedia.org/class/yago/1980sScienceFictionFilms</Type>
  <Type frequency="0.010050251256281407">http://dbpedia.org/class/yago/1980sThrillerFilms</Type>
  <Type frequency="0.010050251256281407">http://dbpedia.org/class/yago/1982Films</Type>
  <Type frequency="0.010050251256281407">http://dbpedia.org/class/yago/1985Films</Type>
  <Type frequency="0.010050251256281407">http://dbpedia.org/class/yago/1987Films</Type>
  <Type frequency="0.010050251256281407">http://dbpedia.org/class/yago/1989Films</Type>
  <Type frequency="0.010050251256281407">http://dbpedia.org/class/yago/1990sRomanticComedyFilms</Type>
  <Type frequency="0.010050251256281407">http://dbpedia.org/class/yago/1990sThrillerFilms</Type>
  <Type frequency="0.010050251256281407">http://dbpedia.org/class/yago/1992Films</Type>
  <Type frequency="0.010050251256281407">http://dbpedia.org/class/yago/1993Films</Type>
  <Type frequency="0.010050251256281407">http://dbpedia.org/class/yago/1994Films</Type>
  <Type frequency="0.010050251256281407">http://dbpedia.org/class/yago/1998Films</Type>
  <Type frequency="0.010050251256281407">http://dbpedia.org/class/yago/2000sAdventureFilms</Type>
  <Type frequency="0.010050251256281407">http://dbpedia.org/class/yago/2000sHorrorFilms</Type>
  <Type frequency="0.010050251256281407">http://dbpedia.org/class/yago/2000sScienceFictionFilms</Type>
  <Type frequency="0.010050251256281407">http://dbpedia.org/class/yago/2001Films</Type>
  <Type frequency="0.010050251256281407">http://dbpedia.org/class/yago/2003Films</Type>
  <Type frequency="0.010050251256281407">http://dbpedia.org/class/yago/2005Films</Type>
  <Type frequency="0.010050251256281407">http://dbpedia.org/class/yago/AmblinEntertainmentFilms</Type>
  <Type frequency="0.010050251256281407">http://dbpedia.org/class/yago/AmericanComedyHorrorFilms</Type>
  <Type frequency="0.010050251256281407">http://dbpedia.org/class/yago/AmericanComedyThrillerFilms</Type>
  <Type frequency="0.010050251256281407">http://dbpedia.org/class/yago/AmericanComing-of-ageFilms</Type>
  <Type frequency="0.010050251256281407">http://dbpedia.org/class/yago/AmericanCriminalComedyFilms</Type>
  <Type frequency="0.010050251256281407">http://dbpedia.org/class/yago/AmericanDocumentaryFilms</Type>
  <Type frequency="0.010050251256281407">http://dbpedia.org/class/yago/AmericanFantasyFilms</Type>
  <Type frequency="0.010050251256281407">http://dbpedia.org/class/yago/AmericanInternationalPicturesFilms</Type>
  <Type frequency="0.010050251256281407">http://dbpedia.org/class/yago/AmericanLegalFilms</Type>
  <Type frequency="0.010050251256281407">http://dbpedia.org/class/yago/AmericanPoliticalComedyFilms</Type>
  <Type frequency="0.010050251256281407">http://dbpedia.org/class/yago/AmericanSatiricalFilms</Type>
  <Type frequency="0.010050251256281407">http://dbpedia.org/class/yago/AmericanTeenComedyFilms</Type>
  <Type frequency="0.010050251256281407">http://dbpedia.org/class/yago/AmericanThrillerFilms</Type>
  <Type frequency="0.010050251256281407">http://dbpedia.org/class/yago/BlaxploitationFilms</Type>
  <Type frequency="0.010050251256281407">http://dbpedia.org/class/yago/BuDDyFilms</Type>
  <Type frequency="0.010050251256281407">http://dbpedia.org/class/yago/ColdWarFilms</Type>
  <Type frequency="0.010050251256281407">http://dbpedia.org/class/yago/ComedyFilms</Type>
  <Type frequency="0.010050251256281407">http://dbpedia.org/class/yago/ComedyHorrorFilms</Type>
  <Type frequency="0.010050251256281407">http://dbpedia.org/class/yago/ComedyThrillerFilms</Type>
  <Type frequency="0.010050251256281407">http://dbpedia.org/class/yago/CrimeDramaFilms</Type>
  <Type frequency="0.010050251256281407">http://dbpedia.org/class/yago/DisneyFilms</Type>
  <Type frequency="0.010050251256281407">http://dbpedia.org/class/yago/DramaFilms</Type>
  <Type frequency="0.010050251256281407">http://dbpedia.org/class/yago/DreamWorksFilms</Type>
  <Type frequency="0.010050251256281407">http://dbpedia.org/class/yago/EroticFilms</Type>
  <Type frequency="0.010050251256281407">http://dbpedia.org/class/yago/FilmsAboutPsychiatry</Type>
  <Type frequency="0.010050251256281407">http://dbpedia.org/class/yago/FilmsBasedOnAlexandreDumasNovels</Type>
  <Type frequency="0.010050251256281407">http://dbpedia.org/class/yago/FilmsBasedOnHorrorNovels</Type>
  <Type frequency="0.010050251256281407">http://dbpedia.org/class/yago/FilmsBasedOnPoems</Type>
  <Type frequency="0.010050251256281407">http://dbpedia.org/class/yago/FilmsBasedOnThrillerNovels</Type>
  <Type frequency="0.010050251256281407">http://dbpedia.org/class/yago/FilmsByPowellAndPressburger</Type>
  <Type frequency="0.010050251256281407">http://dbpedia.org/class/yago/FilmsDirectedByAlfredHitchcock</Type>
  <Type frequency="0.010050251256281407">http://dbpedia.org/class/yago/FilmsDirectedByBarryLevinson</Type>
  <Type frequency="0.010050251256281407">http://dbpedia.org/class/yago/FilmsDirectedByErnstLuBitsch</Type>
  <Type frequency="0.010050251256281407">http://dbpedia.org/class/yago/FilmsDirectedByFrankOz</Type>
  <Type frequency="0.010050251256281407">http://dbpedia.org/class/yago/FilmsDirectedByMartinScorsese</Type>
  <Type frequency="0.010050251256281407">http://dbpedia.org/class/yago/FilmsDirectedByRogerCorman</Type>
  <Type frequency="0.010050251256281407">http://dbpedia.org/class/yago/GeorgianEraFilms</Type>
  <Type frequency="0.010050251256281407">http://dbpedia.org/class/yago/HauntedHouseFilms</Type>
  <Type frequency="0.010050251256281407">http://dbpedia.org/class/yago/HistoricalFilms</Type>
  <Type frequency="0.010050251256281407">http://dbpedia.org/class/yago/LegalFilms</Type>
  <Type frequency="0.010050251256281407">http://dbpedia.org/class/yago/MummyFilms</Type>
  <Type frequency="0.010050251256281407">http://dbpedia.org/class/yago/NewLineCinemaFilms</Type>
  <Type frequency="0.010050251256281407">http://dbpedia.org/class/yago/OrionPicturesFilms</Type>
  <Type frequency="0.010050251256281407">http://dbpedia.org/class/yago/PinewoodFilms</Type>
  <Type frequency="0.010050251256281407">http://dbpedia.org/class/yago/PoliceDetectiveFilms</Type>
  <Type frequency="0.010050251256281407">http://dbpedia.org/class/yago/PoliticalThrillerFilms</Type>
  <Type frequency="0.010050251256281407">http://dbpedia.org/class/yago/PunkFilms</Type>
  <Type frequency="0.010050251256281407">http://dbpedia.org/class/yago/RegencyFilms</Type>
  <Type frequency="0.010050251256281407">http://dbpedia.org/class/yago/RobotFilms</Type>
  <Type frequency="0.010050251256281407">http://dbpedia.org/class/yago/RomanticFantasyFilms</Type>
  <Type frequency="0.010050251256281407">http://dbpedia.org/class/yago/SequElFilms</Type>
  <Type frequency="0.010050251256281407">http://dbpedia.org/class/yago/SpyFilms</Type>
  <Type frequency="0.010050251256281407">http://dbpedia.org/class/yago/SwashbuCklerFilms</Type>
  <Type frequency="0.010050251256281407">http://dbpedia.org/class/yago/SwedishFilms</Type>
  <Type frequency="0.010050251256281407">http://dbpedia.org/class/yago/TalesFromTheCrypt</Type>
  <Type frequency="0.010050251256281407">http://dbpedia.org/class/yago/WorldWarIFilms</Type>
  <Type frequency="0.010050251256281407">http://dbpedia.org/class/yago/WorldWarIIFilms</Type>
  <Type frequency="0.010050251256281407">http://dbpedia.org/class/yago/ZombieFilms</Type>
  <Type frequency="0.005025125628140704">http://dbpedia.org/class/yago/1910Films</Type>
  <Type frequency="0.005025125628140704">http://dbpedia.org/class/yago/1910sDramaFilms</Type>
  <Type frequency="0.005025125628140704">http://dbpedia.org/class/yago/1910sRomanticComedyFilms</Type>
  <Type frequency="0.005025125628140704">http://dbpedia.org/class/yago/1914Films</Type>
  <Type frequency="0.005025125628140704">http://dbpedia.org/class/yago/1916Films</Type>
  <Type frequency="0.005025125628140704">http://dbpedia.org/class/yago/1920Films</Type>
  <Type frequency="0.005025125628140704">http://dbpedia.org/class/yago/1920sCrimeFilms</Type>
  <Type frequency="0.005025125628140704">http://dbpedia.org/class/yago/1920sDramaFilms</Type>
  <Type frequency="0.005025125628140704">http://dbpedia.org/class/yago/1920sHorrorFilms</Type>
  <Type frequency="0.005025125628140704">http://dbpedia.org/class/yago/1920sRomanticComedyFilms</Type>
  <Type frequency="0.005025125628140704">http://dbpedia.org/class/yago/1925Films</Type>
  <Type frequency="0.005025125628140704">http://dbpedia.org/class/yago/1928Films</Type>
  <Type frequency="0.005025125628140704">http://dbpedia.org/class/yago/1929Films</Type>
  <Type frequency="0.005025125628140704">http://dbpedia.org/class/yago/1930sComedyFilms</Type>
  <Type frequency="0.005025125628140704">http://dbpedia.org/class/yago/1930sDocumentaryFilms</Type>
  <Type frequency="0.005025125628140704">http://dbpedia.org/class/yago/1930sHorrorFilms</Type>
  <Type frequency="0.005025125628140704">http://dbpedia.org/class/yago/1930sThrillerFilms</Type>
  <Type frequency="0.005025125628140704">http://dbpedia.org/class/yago/1932Films</Type>
  <Type frequency="0.005025125628140704">http://dbpedia.org/class/yago/1934Films</Type>
  <Type frequency="0.005025125628140704">http://dbpedia.org/class/yago/1935Films</Type>
  <Type frequency="0.005025125628140704">http://dbpedia.org/class/yago/1940Films</Type>
  <Type frequency="0.005025125628140704">http://dbpedia.org/class/yago/1940sComedyFilms</Type>
  <Type frequency="0.005025125628140704">http://dbpedia.org/class/yago/1940sMusicalFilms</Type>
  <Type frequency="0.005025125628140704">http://dbpedia.org/class/yago/1940sRomanticComedyFilms</Type>
  <Type frequency="0.005025125628140704">http://dbpedia.org/class/yago/1942Films</Type>
  <Type frequency="0.005025125628140704">http://dbpedia.org/class/yago/1943Films</Type>
  <Type frequency="0.005025125628140704">http://dbpedia.org/class/yago/1944Films</Type>
  <Type frequency="0.005025125628140704">http://dbpedia.org/class/yago/1948Films</Type>
  <Type frequency="0.005025125628140704">http://dbpedia.org/class/yago/1950Films</Type>
  <Type frequency="0.005025125628140704">http://dbpedia.org/class/yago/1950sComedyFilms</Type>
  <Type frequency="0.005025125628140704">http://dbpedia.org/class/yago/1950sHorrorFilms</Type>
  <Type frequency="0.005025125628140704">http://dbpedia.org/class/yago/1950sRomanceFilms</Type>
  <Type frequency="0.005025125628140704">http://dbpedia.org/class/yago/1954Films</Type>
  <Type frequency="0.005025125628140704">http://dbpedia.org/class/yago/1956Films</Type>
  <Type frequency="0.005025125628140704">http://dbpedia.org/class/yago/1960sActionFilms</Type>
  <Type frequency="0.005025125628140704">http://dbpedia.org/class/yago/1960sAdventureFilms</Type>
  <Type frequency="0.005025125628140704">http://dbpedia.org/class/yago/1960sThrillerFilms</Type>
  <Type frequency="0.005025125628140704">http://dbpedia.org/class/yago/1964Films</Type>
  <Type frequency="0.005025125628140704">http://dbpedia.org/class/yago/1965Films</Type>
  <Type frequency="0.005025125628140704">http://dbpedia.org/class/yago/1966Films</Type>
  <Type frequency="0.005025125628140704">http://dbpedia.org/class/yago/1968Films</Type>
  <Type frequency="0.005025125628140704">http://dbpedia.org/class/yago/1970Films</Type>
  <Type frequency="0.005025125628140704">http://dbpedia.org/class/yago/1970sCrimeFilms</Type>
  <Type frequency="0.005025125628140704">http://dbpedia.org/class/yago/1970sDramaFilms</Type>
  <Type frequency="0.005025125628140704">http://dbpedia.org/class/yago/1970sHorrorFilms</Type>
  <Type frequency="0.005025125628140704">http://dbpedia.org/class/yago/1970sScienceFictionFilms</Type>
  <Type frequency="0.005025125628140704">http://dbpedia.org/class/yago/1976Films</Type>
  <Type frequency="0.005025125628140704">http://dbpedia.org/class/yago/1977Films</Type>
  <Type frequency="0.005025125628140704">http://dbpedia.org/class/yago/1979Films</Type>
  <Type frequency="0.005025125628140704">http://dbpedia.org/class/yago/1981Films</Type>
  <Type frequency="0.005025125628140704">http://dbpedia.org/class/yago/1983Films</Type>
  <Type frequency="0.005025125628140704">http://dbpedia.org/class/yago/1988Films</Type>
  <Type frequency="0.005025125628140704">http://dbpedia.org/class/yago/1990TelevisionFilms</Type>
  <Type frequency="0.005025125628140704">http://dbpedia.org/class/yago/1990sActionFilms</Type>
  <Type frequency="0.005025125628140704">http://dbpedia.org/class/yago/1990sCrimeFilms</Type>
  <Type frequency="0.005025125628140704">http://dbpedia.org/class/yago/1990sRomanceFilms</Type>
  <Type frequency="0.005025125628140704">http://dbpedia.org/class/yago/1990sScienceFictionFilms</Type>
  <Type frequency="0.005025125628140704">http://dbpedia.org/class/yago/1999LiveAlbums</Type>
  <Type frequency="0.005025125628140704">http://dbpedia.org/class/yago/1999VideoAlbums</Type>
  <Type frequency="0.005025125628140704">http://dbpedia.org/class/yago/2000sDocumentaryFilms</Type>
  <Type frequency="0.005025125628140704">http://dbpedia.org/class/yago/2000sRomanceFilms</Type>
  <Type frequency="0.005025125628140704">http://dbpedia.org/class/yago/2002TelevisionFilms</Type>
  <Type frequency="0.005025125628140704">http://dbpedia.org/class/yago/40Acres&amp;AMuleFilmworksFilms</Type>
  <Type frequency="0.005025125628140704">http://dbpedia.org/class/yago/AdventureFilms</Type>
  <Type frequency="0.005025125628140704">http://dbpedia.org/class/yago/AfricanAmericanFilms</Type>
  <Type frequency="0.005025125628140704">http://dbpedia.org/class/yago/Album106591815</Type>
  <Type frequency="0.005025125628140704">http://dbpedia.org/class/yago/AlienVisitationFilms</Type>
  <Type frequency="0.005025125628140704">http://dbpedia.org/class/yago/AmericanActionComedyFilms</Type>
  <Type frequency="0.005025125628140704">http://dbpedia.org/class/yago/AmericanBasketballFilms</Type>
  <Type frequency="0.005025125628140704">http://dbpedia.org/class/yago/AmericanBusinessFilms</Type>
  <Type frequency="0.005025125628140704">http://dbpedia.org/class/yago/AmericanChildren%27sFantasyFilms</Type>
  <Type frequency="0.005025125628140704">http://dbpedia.org/class/yago/AmericanCrimeDramaFilms</Type>
  <Type frequency="0.005025125628140704">http://dbpedia.org/class/yago/AmericanFantasyAdventureFilms</Type>
  <Type frequency="0.005025125628140704">http://dbpedia.org/class/yago/AmericanLGBT-relatedFilms</Type>
  <Type frequency="0.005025125628140704">http://dbpedia.org/class/yago/AmericanMusicalFilms</Type>
  <Type frequency="0.005025125628140704">http://dbpedia.org/class/yago/AmericanMysteryFilms</Type>
  <Type frequency="0.005025125628140704">http://dbpedia.org/class/yago/AmericanPoliticalDramaFilms</Type>
  <Type frequency="0.005025125628140704">http://dbpedia.org/class/yago/AmericanPoliticalSatireFilms</Type>
  <Type frequency="0.005025125628140704">http://dbpedia.org/class/yago/AmericanPoliticalThrillerFilms</Type>
  <Type frequency="0.005025125628140704">http://dbpedia.org/class/yago/AmericanRomanticFantasyFilms</Type>
  <Type frequency="0.005025125628140704">http://dbpedia.org/class/yago/AmericanScienceFictionActionFilms</Type>
  <Type frequency="0.005025125628140704">http://dbpedia.org/class/yago/AmericanSignLanguAgeFilms</Type>
  <Type frequency="0.005025125628140704">http://dbpedia.org/class/yago/AmericanSportsComedyFilms</Type>
  <Type frequency="0.005025125628140704">http://dbpedia.org/class/yago/AmericanSpyFilms</Type>
  <Type frequency="0.005025125628140704">http://dbpedia.org/class/yago/AmericanTeenFilms</Type>
  <Type frequency="0.005025125628140704">http://dbpedia.org/class/yago/AmericanTeenRomanceFilms</Type>
  <Type frequency="0.005025125628140704">http://dbpedia.org/class/yago/AmericanWarDramaFilms</Type>
  <Type frequency="0.005025125628140704">http://dbpedia.org/class/yago/AnimatedFeaturesReleasedByParamountPictures</Type>
  <Type frequency="0.005025125628140704">http://dbpedia.org/class/yago/AnthologyFilms</Type>
  <Type frequency="0.005025125628140704">http://dbpedia.org/class/yago/ApartheidFilms</Type>
  <Type frequency="0.005025125628140704">http://dbpedia.org/class/yago/AustralianAnimatedFilms</Type>
  <Type frequency="0.005025125628140704">http://dbpedia.org/class/yago/AustralianComedyFilms</Type>
  <Type frequency="0.005025125628140704">http://dbpedia.org/class/yago/AustralianDramaFilms</Type>
  <Type frequency="0.005025125628140704">http://dbpedia.org/class/yago/AustralianFilms</Type>
  <Type frequency="0.005025125628140704">http://dbpedia.org/class/yago/AustralianShortFilms</Type>
  <Type frequency="0.005025125628140704">http://dbpedia.org/class/yago/AustrianFilms</Type>
  <Type frequency="0.005025125628140704">http://dbpedia.org/class/yago/AviationFilms</Type>
  <Type frequency="0.005025125628140704">http://dbpedia.org/class/yago/BBCFilms</Type>
  <Type frequency="0.005025125628140704">http://dbpedia.org/class/yago/BBCTelevisionDramas</Type>
  <Type frequency="0.005025125628140704">http://dbpedia.org/class/yago/BabyBoomersInFiction</Type>
  <Type frequency="0.005025125628140704">http://dbpedia.org/class/yago/BalletFilms</Type>
  <Type frequency="0.005025125628140704">http://dbpedia.org/class/yago/BasketballFilms</Type>
  <Type frequency="0.005025125628140704">http://dbpedia.org/class/yago/BiographicalFilms</Type>
  <Type frequency="0.005025125628140704">http://dbpedia.org/class/yago/BisexuAlity-relatedFilms</Type>
  <Type frequency="0.005025125628140704">http://dbpedia.org/class/yago/BlackComedyFilms</Type>
  <Type frequency="0.005025125628140704">http://dbpedia.org/class/yago/BritishComedyFilms</Type>
  <Type frequency="0.005025125628140704">http://dbpedia.org/class/yago/BritishHorrorFilms</Type>
  <Type frequency="0.005025125628140704">http://dbpedia.org/class/yago/BritishLGBT-relatedFilms</Type>
  <Type frequency="0.005025125628140704">http://dbpedia.org/class/yago/BritishScienceFictionFilms</Type>
  <Type frequency="0.005025125628140704">http://dbpedia.org/class/yago/BritishSupernaturalTelevisionPrograms</Type>
  <Type frequency="0.005025125628140704">http://dbpedia.org/class/yago/CastleRockEntertainmentFilms</Type>
  <Type frequency="0.005025125628140704">http://dbpedia.org/class/yago/CheerleadingFilms</Type>
  <Type frequency="0.005025125628140704">http://dbpedia.org/class/yago/Children%27sFantasyFilms</Type>
  <Type frequency="0.005025125628140704">http://dbpedia.org/class/yago/ChristianFilms</Type>
  <Type frequency="0.005025125628140704">http://dbpedia.org/class/yago/ChristianMissions</Type>
  <Type frequency="0.005025125628140704">http://dbpedia.org/class/yago/ChristmasFilms</Type>
  <Type frequency="0.005025125628140704">http://dbpedia.org/class/yago/CircusFilms</Type>
  <Type frequency="0.005025125628140704">http://dbpedia.org/class/yago/ColdWarSpyFilms</Type>
  <Type frequency="0.005025125628140704">http://dbpedia.org/class/yago/ComedyMysteryFilms</Type>
  <Type frequency="0.005025125628140704">http://dbpedia.org/class/yago/ComedyScienceFictionFilms</Type>
  <Type frequency="0.005025125628140704">http://dbpedia.org/class/yago/ConcertFilms</Type>
  <Type frequency="0.005025125628140704">http://dbpedia.org/class/yago/CountryMusicFilms</Type>
  <Type frequency="0.005025125628140704">http://dbpedia.org/class/yago/CourtroomDramas</Type>
  <Type frequency="0.005025125628140704">http://dbpedia.org/class/yago/CriminalComedyFilms</Type>
  <Type frequency="0.005025125628140704">http://dbpedia.org/class/yago/CyberpunkFilms</Type>
  <Type frequency="0.005025125628140704">http://dbpedia.org/class/yago/Direct-to-videoFilms</Type>
  <Type frequency="0.005025125628140704">http://dbpedia.org/class/yago/DocuDramas</Type>
  <Type frequency="0.005025125628140704">http://dbpedia.org/class/yago/DocumentariesAboutDisasters</Type>
  <Type frequency="0.005025125628140704">http://dbpedia.org/class/yago/DocumentariesAboutFilmDirectorsAndProduCErs</Type>
  <Type frequency="0.005025125628140704">http://dbpedia.org/class/yago/DocumentaryFilmsAboutAgriculture</Type>
  <Type frequency="0.005025125628140704">http://dbpedia.org/class/yago/DoomsdayFilms</Type>
  <Type frequency="0.005025125628140704">http://dbpedia.org/class/yago/Drug-relatedFilms</Type>
  <Type frequency="0.005025125628140704">http://dbpedia.org/class/yago/DystopianFilms</Type>
  <Type frequency="0.005025125628140704">http://dbpedia.org/class/yago/EnglishFilms</Type>
  <Type frequency="0.005025125628140704">http://dbpedia.org/class/yago/FantasyAdventureFilms</Type>
  <Type frequency="0.005025125628140704">http://dbpedia.org/class/yago/FantasyFilms</Type>
  <Type frequency="0.005025125628140704">http://dbpedia.org/class/yago/FemaleSportsFilms</Type>
  <Type frequency="0.005025125628140704">http://dbpedia.org/class/yago/FictionalAfrican-AmericanPeople</Type>
  <Type frequency="0.005025125628140704">http://dbpedia.org/class/yago/FictionalExtraterrestrialCharacters</Type>
  <Type frequency="0.005025125628140704">http://dbpedia.org/class/yago/FictionalPortrayalsOfGod</Type>
  <Type frequency="0.005025125628140704">http://dbpedia.org/class/yago/FictionalSocialites</Type>
  <Type frequency="0.005025125628140704">http://dbpedia.org/class/yago/FictionalWitches</Type>
  <Type frequency="0.005025125628140704">http://dbpedia.org/class/yago/Film4ProduCtionsFilms</Type>
  <Type frequency="0.005025125628140704">http://dbpedia.org/class/yago/FilmsAboutActors</Type>
  <Type frequency="0.005025125628140704">http://dbpedia.org/class/yago/FilmsAboutDysfunctionalFamilies</Type>
  <Type frequency="0.005025125628140704">http://dbpedia.org/class/yago/FilmsAboutEntertainers</Type>
  <Type frequency="0.005025125628140704">http://dbpedia.org/class/yago/FilmsAboutInsects</Type>
  <Type frequency="0.005025125628140704">http://dbpedia.org/class/yago/FilmsAboutMusicAndMusicians</Type>
  <Type frequency="0.005025125628140704">http://dbpedia.org/class/yago/FilmsAboutMutinies</Type>
  <Type frequency="0.005025125628140704">http://dbpedia.org/class/yago/FilmsAboutOrganisedCrimeInAustralia</Type>
  <Type frequency="0.005025125628140704">http://dbpedia.org/class/yago/FilmsAboutOrganizedCrimeInTheUnitedStates</Type>
  <Type frequency="0.005025125628140704">http://dbpedia.org/class/yago/FilmsAboutPresidentsOfTheUnitedStates</Type>
  <Type frequency="0.005025125628140704">http://dbpedia.org/class/yago/FilmsAboutTelevision</Type>
  <Type frequency="0.005025125628140704">http://dbpedia.org/class/yago/FilmsAboutTheIrishRepuBlicanArmy</Type>
  <Type frequency="0.005025125628140704">http://dbpedia.org/class/yago/FilmsAboutToys</Type>
  <Type frequency="0.005025125628140704">http://dbpedia.org/class/yago/FilmsBasedOnActuAlEvents</Type>
  <Type frequency="0.005025125628140704">http://dbpedia.org/class/yago/FilmsBasedOnComics</Type>
  <Type frequency="0.005025125628140704">http://dbpedia.org/class/yago/FilmsBasedOnEdgarAllanPoeWorks</Type>
  <Type frequency="0.005025125628140704">http://dbpedia.org/class/yago/FilmsBasedOnElmoreLeonardNovels</Type>
  <Type frequency="0.005025125628140704">http://dbpedia.org/class/yago/FilmsBasedOnFantasyNovels</Type>
  <Type frequency="0.005025125628140704">http://dbpedia.org/class/yago/FilmsBasedOnIraLevin%27sWorks</Type>
  <Type frequency="0.005025125628140704">http://dbpedia.org/class/yago/FilmsBasedOnLeoTolstoyWorks</Type>
  <Type frequency="0.005025125628140704">http://dbpedia.org/class/yago/FilmsBasedOnMysteryNovels</Type>
  <Type frequency="0.005025125628140704">http://dbpedia.org/class/yago/FilmsBasedOnNorseMythology</Type>
  <Type frequency="0.005025125628140704">http://dbpedia.org/class/yago/FilmsBasedOnRobertLuDlumNovels</Type>
  <Type frequency="0.005025125628140704">http://dbpedia.org/class/yago/FilmsBasedOnRussianNovels</Type>
  <Type frequency="0.005025125628140704">http://dbpedia.org/class/yago/FilmsBasedOnScienceFictionNovels</Type>
  <Type frequency="0.005025125628140704">http://dbpedia.org/class/yago/FilmsBasedOnShortFiction</Type>
  <Type frequency="0.005025125628140704">http://dbpedia.org/class/yago/FilmsBasedOnTheGospels</Type>
  <Type frequency="0.005025125628140704">http://dbpedia.org/class/yago/FilmsBasedOnTheWorksOfPhilipK.Dick</Type>
  <Type frequency="0.005025125628140704">http://dbpedia.org/class/yago/FilmsBasedOnTheme-parkAttractions</Type>
  <Type frequency="0.005025125628140704">http://dbpedia.org/class/yago/FilmsByDesiDirectors</Type>
  <Type frequency="0.005025125628140704">http://dbpedia.org/class/yago/FilmsCriticalOfCommunismAndCommunists</Type>
  <Type frequency="0.005025125628140704">http://dbpedia.org/class/yago/FilmsDirectedByActors</Type>
  <Type frequency="0.005025125628140704">http://dbpedia.org/class/yago/FilmsDirectedByAlanParker</Type>
  <Type frequency="0.005025125628140704">http://dbpedia.org/class/yago/FilmsDirectedByAleksandarPetrovi%C4%87</Type>
  <Type frequency="0.005025125628140704">http://dbpedia.org/class/yago/FilmsDirectedByAlfredL.Werker</Type>
  <Type frequency="0.005025125628140704">http://dbpedia.org/class/yago/FilmsDirectedByAnthonyMinghella</Type>
  <Type frequency="0.005025125628140704">http://dbpedia.org/class/yago/FilmsDirectedByAntoniaBird</Type>
  <Type frequency="0.005025125628140704">http://dbpedia.org/class/yago/FilmsDirectedByBenjaminHeisenberg</Type>
  <Type frequency="0.005025125628140704">http://dbpedia.org/class/yago/FilmsDirectedByBlakeEdwards</Type>
  <Type frequency="0.005025125628140704">http://dbpedia.org/class/yago/FilmsDirectedByBoWiderberg</Type>
  <Type frequency="0.005025125628140704">http://dbpedia.org/class/yago/FilmsDirectedByBusterKeaton</Type>
  <Type frequency="0.005025125628140704">http://dbpedia.org/class/yago/FilmsDirectedByCharlieChaplin</Type>
  <Type frequency="0.005025125628140704">http://dbpedia.org/class/yago/FilmsDirectedByChristopherMonger</Type>
  <Type frequency="0.005025125628140704">http://dbpedia.org/class/yago/FilmsDirectedByChristyCabanne</Type>
  <Type frequency="0.005025125628140704">http://dbpedia.org/class/yago/FilmsDirectedByClarenceBrown</Type>
  <Type frequency="0.005025125628140704">http://dbpedia.org/class/yago/FilmsDirectedByClauDELanzmann</Type>
  <Type frequency="0.005025125628140704">http://dbpedia.org/class/yago/FilmsDirectedByDannyBoyle</Type>
  <Type frequency="0.005025125628140704">http://dbpedia.org/class/yago/FilmsDirectedByDannyDeVito</Type>
  <Type frequency="0.005025125628140704">http://dbpedia.org/class/yago/FilmsDirectedByDavidLowellRich</Type>
  <Type frequency="0.005025125628140704">http://dbpedia.org/class/yago/FilmsDirectedByEdwardDmytryk</Type>
  <Type frequency="0.005025125628140704">http://dbpedia.org/class/yago/FilmsDirectedByEdwardSedgwick</Type>
  <Type frequency="0.005025125628140704">http://dbpedia.org/class/yago/FilmsDirectedByF.W.Murnau</Type>
  <Type frequency="0.005025125628140704">http://dbpedia.org/class/yago/FilmsDirectedByFrancisFordCoppola</Type>
  <Type frequency="0.005025125628140704">http://dbpedia.org/class/yago/FilmsDirectedByFrankBorzage</Type>
  <Type frequency="0.005025125628140704">http://dbpedia.org/class/yago/FilmsDirectedByFranklinJ.Schaffner</Type>
  <Type frequency="0.005025125628140704">http://dbpedia.org/class/yago/FilmsDirectedByFredNiblo</Type>
  <Type frequency="0.005025125628140704">http://dbpedia.org/class/yago/FilmsDirectedByFreddieFrancis</Type>
  <Type frequency="0.005025125628140704">http://dbpedia.org/class/yago/FilmsDirectedByG%C3%A9rardPir%C3%A8s</Type>
  <Type frequency="0.005025125628140704">http://dbpedia.org/class/yago/FilmsDirectedByGarryMarshall</Type>
  <Type frequency="0.005025125628140704">http://dbpedia.org/class/yago/FilmsDirectedByGeorgeArmitage</Type>
  <Type frequency="0.005025125628140704">http://dbpedia.org/class/yago/FilmsDirectedByGeorgeStevens</Type>
  <Type frequency="0.005025125628140704">http://dbpedia.org/class/yago/FilmsDirectedByGoreVerbinski</Type>
  <Type frequency="0.005025125628140704">http://dbpedia.org/class/yago/FilmsDirectedByH.BruCEHumberstone</Type>
  <Type frequency="0.005025125628140704">http://dbpedia.org/class/yago/FilmsDirectedByHalNeedham</Type>
  <Type frequency="0.005025125628140704">http://dbpedia.org/class/yago/FilmsDirectedByHaroldRamis</Type>
  <Type frequency="0.005025125628140704">http://dbpedia.org/class/yago/FilmsDirectedByJ.LeeThompson</Type>
  <Type frequency="0.005025125628140704">http://dbpedia.org/class/yago/FilmsDirectedByJackHill</Type>
  <Type frequency="0.005025125628140704">http://dbpedia.org/class/yago/FilmsDirectedByJamesClavell</Type>
  <Type frequency="0.005025125628140704">http://dbpedia.org/class/yago/FilmsDirectedByJeanDeLimur</Type>
  <Type frequency="0.005025125628140704">http://dbpedia.org/class/yago/FilmsDirectedByJeremyKagan</Type>
  <Type frequency="0.005025125628140704">http://dbpedia.org/class/yago/FilmsDirectedByJimAbrahams</Type>
  <Type frequency="0.005025125628140704">http://dbpedia.org/class/yago/FilmsDirectedByJohnBadham</Type>
  <Type frequency="0.005025125628140704">http://dbpedia.org/class/yago/FilmsDirectedByJohnCarpenter</Type>
  <Type frequency="0.005025125628140704">http://dbpedia.org/class/yago/FilmsDirectedByJohnGuillermin</Type>
  <Type frequency="0.005025125628140704">http://dbpedia.org/class/yago/FilmsDirectedByJohnLafia</Type>
  <Type frequency="0.005025125628140704">http://dbpedia.org/class/yago/FilmsDirectedByJohnSayles</Type>
  <Type frequency="0.005025125628140704">http://dbpedia.org/class/yago/FilmsDirectedByJohnSingleton</Type>
  <Type frequency="0.005025125628140704">http://dbpedia.org/class/yago/FilmsDirectedByJohnWoo</Type>
  <Type frequency="0.005025125628140704">http://dbpedia.org/class/yago/FilmsDirectedByJosephSargent</Type>
  <Type frequency="0.005025125628140704">http://dbpedia.org/class/yago/FilmsDirectedByKarlFreund</Type>
  <Type frequency="0.005025125628140704">http://dbpedia.org/class/yago/FilmsDirectedByKevinSmith</Type>
  <Type frequency="0.005025125628140704">http://dbpedia.org/class/yago/FilmsDirectedByKinjiFukasaku</Type>
  <Type frequency="0.005025125628140704">http://dbpedia.org/class/yago/FilmsDirectedByLeslieH.Martinson</Type>
  <Type frequency="0.005025125628140704">http://dbpedia.org/class/yago/FilmsDirectedByLewisMilestone</Type>
  <Type frequency="0.005025125628140704">http://dbpedia.org/class/yago/FilmsDirectedByLoisWeber</Type>
  <Type frequency="0.005025125628140704">http://dbpedia.org/class/yago/FilmsDirectedByLonChaney,Sr.</Type>
  <Type frequency="0.005025125628140704">http://dbpedia.org/class/yago/FilmsDirectedByLuChinoVisconti</Type>
  <Type frequency="0.005025125628140704">http://dbpedia.org/class/yago/FilmsDirectedByMackSennett</Type>
  <Type frequency="0.005025125628140704">http://dbpedia.org/class/yago/FilmsDirectedByMichaelCurtiz</Type>
  <Type frequency="0.005025125628140704">http://dbpedia.org/class/yago/FilmsDirectedByMichaelVerhoeven</Type>
  <Type frequency="0.005025125628140704">http://dbpedia.org/class/yago/FilmsDirectedByMiraNair</Type>
  <Type frequency="0.005025125628140704">http://dbpedia.org/class/yago/FilmsDirectedByMitchellLeisen</Type>
  <Type frequency="0.005025125628140704">http://dbpedia.org/class/yago/FilmsDirectedByNicolasRoeg</Type>
  <Type frequency="0.005025125628140704">http://dbpedia.org/class/yago/FilmsDirectedByNormanJewison</Type>
  <Type frequency="0.005025125628140704">http://dbpedia.org/class/yago/FilmsDirectedByPareLorentz</Type>
  <Type frequency="0.005025125628140704">http://dbpedia.org/class/yago/FilmsDirectedByPasquAleFestaCampanile</Type>
  <Type frequency="0.005025125628140704">http://dbpedia.org/class/yago/FilmsDirectedByPatO%27Connor</Type>
  <Type frequency="0.005025125628140704">http://dbpedia.org/class/yago/FilmsDirectedByPaulThomasAnderson</Type>
  <Type frequency="0.005025125628140704">http://dbpedia.org/class/yago/FilmsDirectedByPeterJackson</Type>
  <Type frequency="0.005025125628140704">http://dbpedia.org/class/yago/FilmsDirectedByPeterPatzak</Type>
  <Type frequency="0.005025125628140704">http://dbpedia.org/class/yago/FilmsDirectedByPeterSegal</Type>
  <Type frequency="0.005025125628140704">http://dbpedia.org/class/yago/FilmsDirectedByPhilipKauFman</Type>
  <Type frequency="0.005025125628140704">http://dbpedia.org/class/yago/FilmsDirectedByPrestonSturges</Type>
  <Type frequency="0.005025125628140704">http://dbpedia.org/class/yago/FilmsDirectedByRaoulWalsh</Type>
  <Type frequency="0.005025125628140704">http://dbpedia.org/class/yago/FilmsDirectedByRichardFleischer</Type>
  <Type frequency="0.005025125628140704">http://dbpedia.org/class/yago/FilmsDirectedByRichardMarquAnd</Type>
  <Type frequency="0.005025125628140704">http://dbpedia.org/class/yago/FilmsDirectedByRobReiner</Type>
  <Type frequency="0.005025125628140704">http://dbpedia.org/class/yago/FilmsDirectedByRobertF.McGowan</Type>
  <Type frequency="0.005025125628140704">http://dbpedia.org/class/yago/FilmsDirectedByRobertFlaherty</Type>
  <Type frequency="0.005025125628140704">http://dbpedia.org/class/yago/FilmsDirectedByRobertFlorey</Type>
  <Type frequency="0.005025125628140704">http://dbpedia.org/class/yago/FilmsDirectedByRossMcElwee</Type>
  <Type frequency="0.005025125628140704">http://dbpedia.org/class/yago/FilmsDirectedByRowlandV.Lee</Type>
  <Type frequency="0.005025125628140704">http://dbpedia.org/class/yago/FilmsDirectedByRupertJulian</Type>
  <Type frequency="0.005025125628140704">http://dbpedia.org/class/yago/FilmsDirectedBySamPeckinpah</Type>
  <Type frequency="0.005025125628140704">http://dbpedia.org/class/yago/FilmsDirectedBySpikeLee</Type>
  <Type frequency="0.005025125628140704">http://dbpedia.org/class/yago/FilmsDirectedByStanleyKramer</Type>
  <Type frequency="0.005025125628140704">http://dbpedia.org/class/yago/FilmsDirectedByStevenBrill</Type>
  <Type frequency="0.005025125628140704">http://dbpedia.org/class/yago/FilmsDirectedByStevenSpielberg</Type>
  <Type frequency="0.005025125628140704">http://dbpedia.org/class/yago/FilmsDirectedBySydneyPollack</Type>
  <Type frequency="0.005025125628140704">http://dbpedia.org/class/yago/FilmsDirectedByTaylorHackford</Type>
  <Type frequency="0.005025125628140704">http://dbpedia.org/class/yago/FilmsDirectedByTerenceFisher</Type>
  <Type frequency="0.005025125628140704">http://dbpedia.org/class/yago/FilmsDirectedByWilliamKeighley</Type>
  <Type frequency="0.005025125628140704">http://dbpedia.org/class/yago/FilmsDirectedByWilliamWyler</Type>
  <Type frequency="0.005025125628140704">http://dbpedia.org/class/yago/FilmsDirectedByWoodyAllen</Type>
  <Type frequency="0.005025125628140704">http://dbpedia.org/class/yago/FilmsDirectedByYashChopra</Type>
  <Type frequency="0.005025125628140704">http://dbpedia.org/class/yago/FilmsDirectedByZackSnyder</Type>
  <Type frequency="0.005025125628140704">http://dbpedia.org/class/yago/FilmsFeaturingABestActressAcademyAwardWinningPerformance</Type>
  <Type frequency="0.005025125628140704">http://dbpedia.org/class/yago/FilmsFeaturingABestSupportingActressAcademyAwardWinningPerformance</Type>
  <Type frequency="0.005025125628140704">http://dbpedia.org/class/yago/FilmsFeaturingAnthropomorphicCharacters</Type>
  <Type frequency="0.005025125628140704">http://dbpedia.org/class/yago/FilmsFeaturingPuppetry</Type>
  <Type frequency="0.005025125628140704">http://dbpedia.org/class/yago/FilmsWithNaziOccultism</Type>
  <Type frequency="0.005025125628140704">http://dbpedia.org/class/yago/FilmsWithPeterCushingAndChristopherLee</Type>
  <Type frequency="0.005025125628140704">http://dbpedia.org/class/yago/FocusFeaturesFilms</Type>
  <Type frequency="0.005025125628140704">http://dbpedia.org/class/yago/FoxSearchlightFilms</Type>
  <Type frequency="0.005025125628140704">http://dbpedia.org/class/yago/FrenchActionFilms</Type>
  <Type frequency="0.005025125628140704">http://dbpedia.org/class/yago/GamblingFilms</Type>
  <Type frequency="0.005025125628140704">http://dbpedia.org/class/yago/GhibliMuseumLibraryFilms</Type>
  <Type frequency="0.005025125628140704">http://dbpedia.org/class/yago/GhostFilms</Type>
  <Type frequency="0.005025125628140704">http://dbpedia.org/class/yago/GiantMonsterFilms</Type>
  <Type frequency="0.005025125628140704">http://dbpedia.org/class/yago/GothFilms</Type>
  <Type frequency="0.005025125628140704">http://dbpedia.org/class/yago/HammerHorrorFilms</Type>
  <Type frequency="0.005025125628140704">http://dbpedia.org/class/yago/HappyMadisonProduCtions</Type>
  <Type frequency="0.005025125628140704">http://dbpedia.org/class/yago/Hindi-languAgeFilms</Type>
  <Type frequency="0.005025125628140704">http://dbpedia.org/class/yago/HolocaustDocumentaries</Type>
  <Type frequency="0.005025125628140704">http://dbpedia.org/class/yago/HongKongFilms</Type>
  <Type frequency="0.005025125628140704">http://dbpedia.org/class/yago/ITCDistributions</Type>
  <Type frequency="0.005025125628140704">http://dbpedia.org/class/yago/IconProduCtionsFilms</Type>
  <Type frequency="0.005025125628140704">http://dbpedia.org/class/yago/IrishFilms</Type>
  <Type frequency="0.005025125628140704">http://dbpedia.org/class/yago/Italian-languAgeFilms</Type>
  <Type frequency="0.005025125628140704">http://dbpedia.org/class/yago/ItalianDramaFilms</Type>
  <Type frequency="0.005025125628140704">http://dbpedia.org/class/yago/Japanese-languAgeFilms</Type>
  <Type frequency="0.005025125628140704">http://dbpedia.org/class/yago/JapaneseFilms</Type>
  <Type frequency="0.005025125628140704">http://dbpedia.org/class/yago/JerryBruCkheimerFilms</Type>
  <Type frequency="0.005025125628140704">http://dbpedia.org/class/yago/Kennedy/MarshallFilms</Type>
  <Type frequency="0.005025125628140704">http://dbpedia.org/class/yago/KingKongFilms</Type>
  <Type frequency="0.005025125628140704">http://dbpedia.org/class/yago/LedZeppelinVideoAlbums</Type>
  <Type frequency="0.005025125628140704">http://dbpedia.org/class/yago/LionsGateFilms</Type>
  <Type frequency="0.005025125628140704">http://dbpedia.org/class/yago/LiveVideoAlbums</Type>
  <Type frequency="0.005025125628140704">http://dbpedia.org/class/yago/LivingDeadFilms</Type>
  <Type frequency="0.005025125628140704">http://dbpedia.org/class/yago/MadScientistFilms</Type>
  <Type frequency="0.005025125628140704">http://dbpedia.org/class/yago/MafiaFilms</Type>
  <Type frequency="0.005025125628140704">http://dbpedia.org/class/yago/MorganCreekFilms</Type>
  <Type frequency="0.005025125628140704">http://dbpedia.org/class/yago/MusicalDramaFilms</Type>
  <Type frequency="0.005025125628140704">http://dbpedia.org/class/yago/MysteryScienceTheater3000Films</Type>
  <Type frequency="0.005025125628140704">http://dbpedia.org/class/yago/NationalLampoonFilms</Type>
  <Type frequency="0.005025125628140704">http://dbpedia.org/class/yago/NewZealandFilms</Type>
  <Type frequency="0.005025125628140704">http://dbpedia.org/class/yago/NewmarketCapitalGroupFilms</Type>
  <Type frequency="0.005025125628140704">http://dbpedia.org/class/yago/OperaFilms</Type>
  <Type frequency="0.005025125628140704">http://dbpedia.org/class/yago/OurGangFilms</Type>
  <Type frequency="0.005025125628140704">http://dbpedia.org/class/yago/PearlHarborFilms</Type>
  <Type frequency="0.005025125628140704">http://dbpedia.org/class/yago/PoliticalDramaFilms</Type>
  <Type frequency="0.005025125628140704">http://dbpedia.org/class/yago/PoliticalFilms</Type>
  <Type frequency="0.005025125628140704">http://dbpedia.org/class/yago/PortrayalsOfJesusInFilm</Type>
  <Type frequency="0.005025125628140704">http://dbpedia.org/class/yago/PortuguEse-languAgeFilms</Type>
  <Type frequency="0.005025125628140704">http://dbpedia.org/class/yago/PortuguEseFilms</Type>
  <Type frequency="0.005025125628140704">http://dbpedia.org/class/yago/PosthumousWorks</Type>
  <Type frequency="0.005025125628140704">http://dbpedia.org/class/yago/PregnancyFilms</Type>
  <Type frequency="0.005025125628140704">http://dbpedia.org/class/yago/PrehistoricFantasyFilms</Type>
  <Type frequency="0.005025125628140704">http://dbpedia.org/class/yago/PrisonFilms</Type>
  <Type frequency="0.005025125628140704">http://dbpedia.org/class/yago/RailTransportFilms</Type>
  <Type frequency="0.005025125628140704">http://dbpedia.org/class/yago/ReligiousComedyFilms</Type>
  <Type frequency="0.005025125628140704">http://dbpedia.org/class/yago/ReligiousHorrorFilms</Type>
  <Type frequency="0.005025125628140704">http://dbpedia.org/class/yago/RobinHoodFilms</Type>
  <Type frequency="0.005025125628140704">http://dbpedia.org/class/yago/RockMusicFilms</Type>
  <Type frequency="0.005025125628140704">http://dbpedia.org/class/yago/Romanian-languAgeFilms</Type>
  <Type frequency="0.005025125628140704">http://dbpedia.org/class/yago/RomanianFilms</Type>
  <Type frequency="0.005025125628140704">http://dbpedia.org/class/yago/RomanticPeriodFilms</Type>
  <Type frequency="0.005025125628140704">http://dbpedia.org/class/yago/ScottishFilms</Type>
  <Type frequency="0.005025125628140704">http://dbpedia.org/class/yago/ScreenplaysByHanifKureishi</Type>
  <Type frequency="0.005025125628140704">http://dbpedia.org/class/yago/ScreenplaysByJamesClavell</Type>
  <Type frequency="0.005025125628140704">http://dbpedia.org/class/yago/SerialKillerFilms</Type>
  <Type frequency="0.005025125628140704">http://dbpedia.org/class/yago/Shangri-LaEntertainmentFilms</Type>
  <Type frequency="0.005025125628140704">http://dbpedia.org/class/yago/SherlockHolmesFilms</Type>
  <Type frequency="0.005025125628140704">http://dbpedia.org/class/yago/SilentFilmsInColor</Type>
  <Type frequency="0.005025125628140704">http://dbpedia.org/class/yago/SlapstickFilms</Type>
  <Type frequency="0.005025125628140704">http://dbpedia.org/class/yago/SlasherFilms</Type>
  <Type frequency="0.005025125628140704">http://dbpedia.org/class/yago/SonyPicturesClassicsFilms</Type>
  <Type frequency="0.005025125628140704">http://dbpedia.org/class/yago/Spanish-languAgeFilms</Type>
  <Type frequency="0.005025125628140704">http://dbpedia.org/class/yago/SpyglassEntertainmentFilms</Type>
  <Type frequency="0.005025125628140704">http://dbpedia.org/class/yago/Stop-motionAnimatedFilms</Type>
  <Type frequency="0.005025125628140704">http://dbpedia.org/class/yago/SuBmarineFilms</Type>
  <Type frequency="0.005025125628140704">http://dbpedia.org/class/yago/SupernaturalComedyFilms</Type>
  <Type frequency="0.005025125628140704">http://dbpedia.org/class/yago/Swedish-languAgeFilms</Type>
  <Type frequency="0.005025125628140704">http://dbpedia.org/class/yago/SwedishAnimatedFilms</Type>
  <Type frequency="0.005025125628140704">http://dbpedia.org/class/yago/SyfyOriginalFilms</Type>
  <Type frequency="0.005025125628140704">http://dbpedia.org/class/yago/TechNoirFilms</Type>
  <Type frequency="0.005025125628140704">http://dbpedia.org/class/yago/TeenFilms</Type>
  <Type frequency="0.005025125628140704">http://dbpedia.org/class/yago/Telugu-languAgeFilms</Type>
  <Type frequency="0.005025125628140704">http://dbpedia.org/class/yago/TheTrouBles%28NorthernIreland%29Media</Type>
  <Type frequency="0.005025125628140704">http://dbpedia.org/class/yago/ThrillerFilms</Type>
  <Type frequency="0.005025125628140704">http://dbpedia.org/class/yago/TimeTravelFilms</Type>
  <Type frequency="0.005025125628140704">http://dbpedia.org/class/yago/TreasureHuntFilms</Type>
  <Type frequency="0.005025125628140704">http://dbpedia.org/class/yago/TruCkerFilms</Type>
  <Type frequency="0.005025125628140704">http://dbpedia.org/class/yago/U.M.&amp;M.T.V.Corp.Acquisitions</Type>
  <Type frequency="0.005025125628140704">http://dbpedia.org/class/yago/VietnamWarFilms</Type>
  <Type frequency="0.005025125628140704">http://dbpedia.org/class/yago/ViewAskewProduCtions</Type>
  <Type frequency="0.005025125628140704">http://dbpedia.org/class/yago/ViewAskewniverseFilms</Type>
  <Type frequency="0.005025125628140704">http://dbpedia.org/class/yago/WarEpicFilms</Type>
  <Type frequency="0.005025125628140704">http://dbpedia.org/class/yago/WingNutFilmsProduCtions</Type>
  <Type frequency="0.005025125628140704">http://dbpedia.org/class/yago/WitchesInFilmAndTelevision</Type>
  <Type frequency="0.005025125628140704">http://dbpedia.org/class/yago/WorldWarIFilmsBasedOnActuAlEvents</Type>
  <Type frequency="0.005025125628140704">http://dbpedia.org/class/yago/YashRajFilms</Type>
  <Type frequency="0.005025125628140704">http://dbpedia.org/class/yago/ZXSpectrumGames</Type>
  <Type frequency="0.005025125628140704">http://dbpedia.org/class/yago/ZorroFilms</Type>
  <Type frequency="0.005025125628140704">http://umbel.org/umbel/rc/Album_IBO</Type>
  <Type frequency="0.005025125628140704">http://umbel.org/umbel/rc/MusicalComposition</Type>
</Types>
